uri,label,all_labels,parents
https://gaoinnovations.gov/antifraud_resource/howfraudworks/gfo/AbatementAbuse,abatement abuse,abatement abuse,https://gaoinnovations.gov/antifraud_resource/howfraudworks/gfo/environemntal_mechanism
https://gaoinnovations.gov/antifraud_resource/howfraudworks/gfo/AbuseOfContractorBidOrProposalInformation,abuse of contractor bid or proposal information,abuse of contractor bid or proposal information,https://gaoinnovations.gov/antifraud_resource/howfraudworks/gfo/AbuseOfNonPublicInformation
https://gaoinnovations.gov/antifraud_resource/howfraudworks/gfo/AbusiveReturnPreparation,abusive return preparation,abusive return preparation,https://gaoinnovations.gov/antifraud_resource/howfraudworks/gfo/TaxFraud
https://gaoinnovations.gov/antifraud_resource/howfraudworks/gfo/AccountTakeover,account takeover,account takeover,https://gaoinnovations.gov/antifraud_resource/howfraudworks/gfo/CyberExploit
https://gaoinnovations.gov/antifraud_resource/howfraudworks/gfo/AccreditationFraudMechanism,accreditation fraud mechanism,accreditation fraud mechanism,https://gaoinnovations.gov/antifraud_resource/howfraudworks/gfo/Mechanism
https://gaoinnovations.gov/antifraud_resource/howfraudworks/gfo/AccreditingBody,accrediting body,accrediting body,https://gaoinnovations.gov/antifraud_resource/howfraudworks/gfo/GovernmentalUnit
https://gaoinnovations.gov/antifraud_resource/howfraudworks/gfo/AcquiredUSCitizen,acquired US citizen,acquired US citizen,https://gaoinnovations.gov/antifraud_resource/howfraudworks/gfo/USCitizen
https://gaoinnovations.gov/antifraud_resource/howfraudworks/gfo/Actor,actor,actor,https://gaoinnovations.gov/antifraud_resource/howfraudworks/gfo/PartyInRole
https://gaoinnovations.gov/antifraud_resource/howfraudworks/gfo/AdministrativeOversightBurden,administrative oversight burden,administrative oversight burden,https://gaoinnovations.gov/antifraud_resource/howfraudworks/gfo/ImpactOnOversightActivity
https://gaoinnovations.gov/antifraud_resource/howfraudworks/gfo/AdministrativelyCapableEntity,administratively capable entity,administratively capable entity,https://gaoinnovations.gov/antifraud_resource/howfraudworks/gfo/AgentInRole
https://gaoinnovations.gov/antifraud_resource/howfraudworks/gfo/AdministrativelyCapableIndividual,administratively capable individual,administratively capable individual,https://gaoinnovations.gov/antifraud_resource/howfraudworks/gfo/AgentInRole
https://gaoinnovations.gov/antifraud_resource/howfraudworks/gfo/AdvancedFeeScam,advance fee scam,advance fee scam,https://gaoinnovations.gov/antifraud_resource/howfraudworks/gfo/Scam
https://gaoinnovations.gov/antifraud_resource/howfraudworks/gfo/AdvisoryServiceAndCounseling,advisory service and counseling,advisory service and counseling; Advisory service and counseling,https://gaoinnovations.gov/antifraud_resource/howfraudworks/gfo/FundingStream
https://gaoinnovations.gov/antifraud_resource/howfraudworks/gfo/AffectedIndividual,individual affected by emergency,individual affected by emergency,https://gaoinnovations.gov/antifraud_resource/howfraudworks/gfo/Person
https://gaoinnovations.gov/antifraud_resource/howfraudworks/gfo/AffinityFraud,affinity fraud,affinity fraud,https://gaoinnovations.gov/antifraud_resource/howfraudworks/gfo/ConfidenceFraud
https://gaoinnovations.gov/antifraud_resource/howfraudworks/gfo/AffinityFraudMechanism,affinity fraud mechanism,affinity fraud mechanism,https://gaoinnovations.gov/antifraud_resource/howfraudworks/gfo/Mechanism
https://gaoinnovations.gov/antifraud_resource/howfraudworks/gfo/AgencyResourceImpact,agency resource impact,agency resource impact,https://gaoinnovations.gov/antifraud_resource/howfraudworks/gfo/OversightResourceImpact
https://gaoinnovations.gov/antifraud_resource/howfraudworks/gfo/AgentInRole,agent in role,agent in role,https://gaoinnovations.gov/antifraud_resource/howfraudworks/gfo/ThingInRole
https://gaoinnovations.gov/antifraud_resource/howfraudworks/gfo/Alias,alias,alias,https://gaoinnovations.gov/antifraud_resource/howfraudworks/gfo/FictitiousIndividual
https://gaoinnovations.gov/antifraud_resource/howfraudworks/gfo/AlteredDocument,altered document,altered document,https://gaoinnovations.gov/antifraud_resource/howfraudworks/gfo/DocumentManipulation
https://gaoinnovations.gov/antifraud_resource/howfraudworks/gfo/AntiquitiesTrafficking,antiquities trafficking,antiquities trafficking,https://gaoinnovations.gov/antifraud_resource/howfraudworks/gfo/Trafficking
https://gaoinnovations.gov/antifraud_resource/howfraudworks/gfo/AppraisalFraud,appraisal fraud,appraisal fraud,https://gaoinnovations.gov/antifraud_resource/howfraudworks/gfo/MortgageFraud
https://gaoinnovations.gov/antifraud_resource/howfraudworks/gfo/ArmedConflict,armed conflict,armed conflict,https://gaoinnovations.gov/antifraud_resource/howfraudworks/gfo/Event
https://gaoinnovations.gov/antifraud_resource/howfraudworks/gfo/AssetMisappropriation,asset misappropriation,asset misappropriation,https://gaoinnovations.gov/antifraud_resource/howfraudworks/gfo/WorkplaceFraud
https://gaoinnovations.gov/antifraud_resource/howfraudworks/gfo/Asylee,asylee,asylee,https://gaoinnovations.gov/antifraud_resource/howfraudworks/gfo/Immigrant
https://gaoinnovations.gov/antifraud_resource/howfraudworks/gfo/AutomaticSubscriptionRenewalScam,automatic subscription renewal scam,automatic subscription renewal scam,https://gaoinnovations.gov/antifraud_resource/howfraudworks/gfo/Scam
https://gaoinnovations.gov/antifraud_resource/howfraudworks/gfo/Autosubscribing,autosubscribing,autosubscribing,https://gaoinnovations.gov/antifraud_resource/howfraudworks/gfo/TelecommunicationsExploit
https://gaoinnovations.gov/antifraud_resource/howfraudworks/gfo/Backdating,backdating,backdating,https://gaoinnovations.gov/antifraud_resource/howfraudworks/gfo/DocumentManipulation
https://gaoinnovations.gov/antifraud_resource/howfraudworks/gfo/BallotBoxStuffing,ballot box stuffing,ballot box stuffing,https://gaoinnovations.gov/antifraud_resource/howfraudworks/gfo/electionFraudMechanism
https://gaoinnovations.gov/antifraud_resource/howfraudworks/gfo/BankruptcyToAvoidForeclosure,bankruptcy to avoid foreclosure scam,bankruptcy to avoid foreclosure scam,https://gaoinnovations.gov/antifraud_resource/howfraudworks/gfo/MortgageScheme
https://gaoinnovations.gov/antifraud_resource/howfraudworks/gfo/BaseLevelConstructionContractFraud,base level construction contract fraud,base level construction contract fraud,https://gaoinnovations.gov/antifraud_resource/howfraudworks/gfo/ContractFraudMechanism
https://gaoinnovations.gov/antifraud_resource/howfraudworks/gfo/BenchAndSwitchScam,bench and switch scam,bench and switch scam,https://gaoinnovations.gov/antifraud_resource/howfraudworks/gfo/Scam
https://gaoinnovations.gov/antifraud_resource/howfraudworks/gfo/BenefitFraud,benefit fraud,benefit fraud,https://gaoinnovations.gov/antifraud_resource/howfraudworks/gfo/BeneficiaryFraud
https://gaoinnovations.gov/antifraud_resource/howfraudworks/gfo/BidRotation,bid-rotation,bid-rotation,https://gaoinnovations.gov/antifraud_resource/howfraudworks/gfo/NonCompetitiveBidding
https://gaoinnovations.gov/antifraud_resource/howfraudworks/gfo/BidSplitting,bid-splitting,bid-splitting,https://gaoinnovations.gov/antifraud_resource/howfraudworks/gfo/ContractFraudMechanism
https://gaoinnovations.gov/antifraud_resource/howfraudworks/gfo/BillingFraud,billing fraud,billing fraud,https://gaoinnovations.gov/antifraud_resource/howfraudworks/gfo/PaymentFraud
https://gaoinnovations.gov/antifraud_resource/howfraudworks/gfo/BillingManipulation,billing manipulation,billing manipulation,https://gaoinnovations.gov/antifraud_resource/howfraudworks/gfo/ContractFraudMechanism
https://gaoinnovations.gov/antifraud_resource/howfraudworks/gfo/Birth,birth,birth,https://gaoinnovations.gov/antifraud_resource/howfraudworks/gfo/QualifyingLifeEvent
https://gaoinnovations.gov/antifraud_resource/howfraudworks/gfo/BlackLungBenefitsFraud,black lung benefits fraud,black lung benefits fraud,https://gaoinnovations.gov/antifraud_resource/howfraudworks/gfo/BeneficiaryFraud
https://gaoinnovations.gov/antifraud_resource/howfraudworks/gfo/Blackmail,blackmail,blackmail,https://gaoinnovations.gov/antifraud_resource/howfraudworks/gfo/Coercion
https://gaoinnovations.gov/antifraud_resource/howfraudworks/gfo/BotNetworkOperator,bot-network operator,bot-network operator,https://gaoinnovations.gov/antifraud_resource/howfraudworks/gfo/Criminal
https://gaoinnovations.gov/antifraud_resource/howfraudworks/gfo/BreachofPublicTrust,breach of public trust,breach of public trust,https://gaoinnovations.gov/antifraud_resource/howfraudworks/gfo/Corruption
https://gaoinnovations.gov/antifraud_resource/howfraudworks/gfo/BuilderBailoutScam,builder bailout scam,builder bailout scam,https://gaoinnovations.gov/antifraud_resource/howfraudworks/gfo/MortgageScheme
https://gaoinnovations.gov/antifraud_resource/howfraudworks/gfo/BulkCashSmuggling,bulk cash smuggling,bulk cash smuggling,https://gaoinnovations.gov/antifraud_resource/howfraudworks/gfo/Mechanism
https://gaoinnovations.gov/antifraud_resource/howfraudworks/gfo/Bundling,bundling,bundling,https://gaoinnovations.gov/antifraud_resource/howfraudworks/gfo/Misrepresentation
https://gaoinnovations.gov/antifraud_resource/howfraudworks/gfo/BusinessEmailCompromise,business email compromise scam,business email compromise scam,https://gaoinnovations.gov/antifraud_resource/howfraudworks/gfo/Scam
https://gaoinnovations.gov/antifraud_resource/howfraudworks/gfo/BusinessIdentityTheftRefundFraud,business identity theft refund fraud,business identity theft refund fraud,https://gaoinnovations.gov/antifraud_resource/howfraudworks/gfo/RefundFraud
https://gaoinnovations.gov/antifraud_resource/howfraudworks/gfo/BusinessOwner,entity owner,entity owner,https://gaoinnovations.gov/antifraud_resource/howfraudworks/gfo/PartyInRole
https://gaoinnovations.gov/antifraud_resource/howfraudworks/gfo/BustOutFraud,bust out fraud,bust out fraud,https://gaoinnovations.gov/antifraud_resource/howfraudworks/gfo/BusinessIdentityTheft
https://gaoinnovations.gov/antifraud_resource/howfraudworks/gfo/COVID-19_fraud,COVID-19 fraud,COVID-19 fraud,https://gaoinnovations.gov/antifraud_resource/howfraudworks/gfo/public_emergency_fraud
https://gaoinnovations.gov/antifraud_resource/howfraudworks/gfo/Candidate,candidate,candidate,https://gaoinnovations.gov/antifraud_resource/howfraudworks/gfo/PoliticallyExposedPerson
https://gaoinnovations.gov/antifraud_resource/howfraudworks/gfo/CardNotPresentScam,card not present scam,card not present scam,https://gaoinnovations.gov/antifraud_resource/howfraudworks/gfo/CreditCardScam
https://gaoinnovations.gov/antifraud_resource/howfraudworks/gfo/CardPresentScam,card present scam,card present scam,https://gaoinnovations.gov/antifraud_resource/howfraudworks/gfo/CreditCardScam
https://gaoinnovations.gov/antifraud_resource/howfraudworks/gfo/Cartel,cartel,cartel,https://gaoinnovations.gov/antifraud_resource/howfraudworks/gfo/Conspiracy
https://gaoinnovations.gov/antifraud_resource/howfraudworks/gfo/CashLarceny,cash larceny,cash larceny,https://gaoinnovations.gov/antifraud_resource/howfraudworks/gfo/ContractFraudMechanism
https://gaoinnovations.gov/antifraud_resource/howfraudworks/gfo/Catalyst,catalyst,catalyst,
https://gaoinnovations.gov/antifraud_resource/howfraudworks/gfo/CategoricalEligibilityFraud,categorical eligibility fraud,categorical eligibility fraud,https://gaoinnovations.gov/antifraud_resource/howfraudworks/gfo/BeneficiaryFraud
https://gaoinnovations.gov/antifraud_resource/howfraudworks/gfo/CellphoneFraud,cellphone fraud,cellphone fraud,https://gaoinnovations.gov/antifraud_resource/howfraudworks/gfo/FraudActivity
https://gaoinnovations.gov/antifraud_resource/howfraudworks/gfo/CellphoneSubscriberFraud,cellphone subscriber fraud,cellphone subscriber fraud,https://gaoinnovations.gov/antifraud_resource/howfraudworks/gfo/CellphoneFraud
https://gaoinnovations.gov/antifraud_resource/howfraudworks/gfo/CensusRelatedFraud,census-related fraud,census-related fraud,https://gaoinnovations.gov/antifraud_resource/howfraudworks/gfo/GovernmentImpersonation
https://gaoinnovations.gov/antifraud_resource/howfraudworks/gfo/ChangeOrderAbuse,change order abuse,change order abuse,https://gaoinnovations.gov/antifraud_resource/howfraudworks/gfo/ContractFraudMechanism
https://gaoinnovations.gov/antifraud_resource/howfraudworks/gfo/ChannelStuffing,channel stuffing,channel stuffing,https://gaoinnovations.gov/antifraud_resource/howfraudworks/gfo/CookingTheBooks
https://gaoinnovations.gov/antifraud_resource/howfraudworks/gfo/ChceckScam,check scam,check scam,https://gaoinnovations.gov/antifraud_resource/howfraudworks/gfo/Scam
https://gaoinnovations.gov/antifraud_resource/howfraudworks/gfo/CheckKiting,check kiting,check kiting,https://gaoinnovations.gov/antifraud_resource/howfraudworks/gfo/FinancialTransactionExploit
https://gaoinnovations.gov/antifraud_resource/howfraudworks/gfo/CheckTampering,check tampering,check tampering,https://gaoinnovations.gov/antifraud_resource/howfraudworks/gfo/ContractFraudMechanism
https://gaoinnovations.gov/antifraud_resource/howfraudworks/gfo/ChildMortalityRate,child mortality rate,child mortality rate,https://gaoinnovations.gov/antifraud_resource/howfraudworks/gfo/federalMeasurement
https://gaoinnovations.gov/antifraud_resource/howfraudworks/gfo/ChunkingFraud,chunking fraud,chunking fraud,https://gaoinnovations.gov/antifraud_resource/howfraudworks/gfo/MortgageFraud
https://gaoinnovations.gov/antifraud_resource/howfraudworks/gfo/CleanAndRemovalDisasterAssistance,clean and removal disaster assistance,clean and removal disaster assistance,https://gaoinnovations.gov/antifraud_resource/howfraudworks/gfo/DisasterAssistance
https://gaoinnovations.gov/antifraud_resource/howfraudworks/gfo/ClearWeb,clear web,clear web,https://gaoinnovations.gov/antifraud_resource/howfraudworks/gfo/Internet
https://gaoinnovations.gov/antifraud_resource/howfraudworks/gfo/Clientelism,clientelism,clientelism,https://gaoinnovations.gov/antifraud_resource/howfraudworks/gfo/ConflictOfInterest
https://gaoinnovations.gov/antifraud_resource/howfraudworks/gfo/CoercedFacilitator,coerced facilitator,coerced facilitator,https://gaoinnovations.gov/antifraud_resource/howfraudworks/gfo/Facilitator
https://gaoinnovations.gov/antifraud_resource/howfraudworks/gfo/Coercion,coercion,coercion,https://gaoinnovations.gov/antifraud_resource/howfraudworks/gfo/Mechanism
https://gaoinnovations.gov/antifraud_resource/howfraudworks/gfo/CollusiveBidding,collusive bidding,collusive bidding,https://gaoinnovations.gov/antifraud_resource/howfraudworks/gfo/Collusion; https://gaoinnovations.gov/antifraud_resource/howfraudworks/gfo/NonCompetitiveBidding
https://gaoinnovations.gov/antifraud_resource/howfraudworks/gfo/CommerceAndHousingCredit,commerce and housing credit,commerce and housing credit; Commerce and housing credit,https://gaoinnovations.gov/antifraud_resource/howfraudworks/gfo/ProgramArea
https://gaoinnovations.gov/antifraud_resource/howfraudworks/gfo/CompensationBenefitFraud,workers compensation benefit fraud,workers compensation benefit fraud,https://gaoinnovations.gov/antifraud_resource/howfraudworks/gfo/claimantFraud
https://gaoinnovations.gov/antifraud_resource/howfraudworks/gfo/ComplementaryBidding,complementary bidding,complementary bidding,https://gaoinnovations.gov/antifraud_resource/howfraudworks/gfo/NonCompetitiveBidding
https://gaoinnovations.gov/antifraud_resource/howfraudworks/gfo/ComplicitFacilitator,complicit facilitator,complicit facilitator,https://gaoinnovations.gov/antifraud_resource/howfraudworks/gfo/Facilitator
https://gaoinnovations.gov/antifraud_resource/howfraudworks/gfo/ConcealedLiabilitiesAndExpenses,concealed liabilities and expenses,concealed liabilities and expenses,https://gaoinnovations.gov/antifraud_resource/howfraudworks/gfo/CookingTheBooks; https://gaoinnovations.gov/antifraud_resource/howfraudworks/gfo/FinancialStatementFraud
https://gaoinnovations.gov/antifraud_resource/howfraudworks/gfo/ContractFraudMechanism,federal contract fraud mechanism,federal contract fraud mechanism,https://gaoinnovations.gov/antifraud_resource/howfraudworks/gfo/Mechanism
https://gaoinnovations.gov/antifraud_resource/howfraudworks/gfo/ContractRepairFraud,contract repair fraud,contract repair fraud,https://gaoinnovations.gov/antifraud_resource/howfraudworks/gfo/DisasterAssistanceFraud
https://gaoinnovations.gov/antifraud_resource/howfraudworks/gfo/ControlEnvironmentInternalControlStandard,control environment internal control standard,control environment internal control standard,https://gaoinnovations.gov/antifraud_resource/howfraudworks/gfo/InternalControl
https://gaoinnovations.gov/antifraud_resource/howfraudworks/gfo/ControlactivityInternalControlStandard,control activity internal control standard,control activity internal control standard,https://gaoinnovations.gov/antifraud_resource/howfraudworks/gfo/InternalControl
https://gaoinnovations.gov/antifraud_resource/howfraudworks/gfo/CookingTheBooks,cooking the books,cooking the books,https://gaoinnovations.gov/antifraud_resource/howfraudworks/gfo/GrantFraudMechanism; https://gaoinnovations.gov/antifraud_resource/howfraudworks/gfo/Mechanism
https://gaoinnovations.gov/antifraud_resource/howfraudworks/gfo/CoordinatedSchemeMode,coordinated scheme mode,coordinated scheme mode,https://gaoinnovations.gov/antifraud_resource/howfraudworks/gfo/SchemeMode
https://gaoinnovations.gov/antifraud_resource/howfraudworks/gfo/CounterfeitCahierCheck,counterfeit cashier check scam,counterfeit cashier check scam,https://gaoinnovations.gov/antifraud_resource/howfraudworks/gfo/ChceckScam
https://gaoinnovations.gov/antifraud_resource/howfraudworks/gfo/CouponFraud,coupon fraud,coupon fraud,https://gaoinnovations.gov/antifraud_resource/howfraudworks/gfo/ConsumerFraud
https://gaoinnovations.gov/antifraud_resource/howfraudworks/gfo/CreditAndDebitCardFraud,credit and debit card fraud,credit and debit card fraud,https://gaoinnovations.gov/antifraud_resource/howfraudworks/gfo/FinancialInstitutionFraud
https://gaoinnovations.gov/antifraud_resource/howfraudworks/gfo/CriminalAbuseOfUnionPower,criminal abuse of union power,criminal abuse of union power,https://gaoinnovations.gov/antifraud_resource/howfraudworks/gfo/Corruption
https://gaoinnovations.gov/antifraud_resource/howfraudworks/gfo/CrisisCounselingDisasterAssistance,crisis counseling disaster assistance,crisis counseling disaster assistance,https://gaoinnovations.gov/antifraud_resource/howfraudworks/gfo/DisasterAssistance
https://gaoinnovations.gov/antifraud_resource/howfraudworks/gfo/Cronyism,cronyism,cronyism,https://gaoinnovations.gov/antifraud_resource/howfraudworks/gfo/ConflictOfInterest
https://gaoinnovations.gov/antifraud_resource/howfraudworks/gfo/CrossSiteScripting,cross-site scripting,cross-site scripting,https://gaoinnovations.gov/antifraud_resource/howfraudworks/gfo/CyberExploit
https://gaoinnovations.gov/antifraud_resource/howfraudworks/gfo/CustomsBroker,customs broker,customs broker,https://gaoinnovations.gov/antifraud_resource/howfraudworks/gfo/Business
https://gaoinnovations.gov/antifraud_resource/howfraudworks/gfo/CustomsDuty,customs duty,customs duty,https://gaoinnovations.gov/antifraud_resource/howfraudworks/gfo/RevenueStream
https://gaoinnovations.gov/antifraud_resource/howfraudworks/gfo/CyberExploit,cyber exploit,cyber exploit,https://gaoinnovations.gov/antifraud_resource/howfraudworks/gfo/Mechanism
https://gaoinnovations.gov/antifraud_resource/howfraudworks/gfo/DarkMoney,dark money,dark money,https://gaoinnovations.gov/antifraud_resource/howfraudworks/gfo/Corruption
https://gaoinnovations.gov/antifraud_resource/howfraudworks/gfo/DarkMoneyGroup,dark money group,dark money group,https://gaoinnovations.gov/antifraud_resource/howfraudworks/gfo/FunctionalEntity
https://gaoinnovations.gov/antifraud_resource/howfraudworks/gfo/DarkNet,darknet,darknet,https://gaoinnovations.gov/antifraud_resource/howfraudworks/gfo/DeepWeb
https://gaoinnovations.gov/antifraud_resource/howfraudworks/gfo/DavisBaconFraudViolation,Davis-Bacon violation,Davis-Bacon violation,https://gaoinnovations.gov/antifraud_resource/howfraudworks/gfo/WageFraud
https://gaoinnovations.gov/antifraud_resource/howfraudworks/gfo/DebtEliminationScam,debt elimination scam,debt elimination scam,https://gaoinnovations.gov/antifraud_resource/howfraudworks/gfo/Scam
https://gaoinnovations.gov/antifraud_resource/howfraudworks/gfo/DebtOfferInCompromiseMill,debt offer in compromise mill,debt offer in compromise mill,https://gaoinnovations.gov/antifraud_resource/howfraudworks/gfo/Mechanism
https://gaoinnovations.gov/antifraud_resource/howfraudworks/gfo/DeceasedRecipientScam,deceased recipient scam,deceased recipient scam,https://gaoinnovations.gov/antifraud_resource/howfraudworks/gfo/Scam
https://gaoinnovations.gov/antifraud_resource/howfraudworks/gfo/DeceptiveRecruitmentPractice,deceptive recruitment practice,deceptive recruitment practice,https://gaoinnovations.gov/antifraud_resource/howfraudworks/gfo/employmentFraudMechanism
https://gaoinnovations.gov/antifraud_resource/howfraudworks/gfo/Declaration,declaration for federal assistance,declaration for federal assistance,https://gaoinnovations.gov/antifraud_resource/howfraudworks/gfo/EventResponse
https://gaoinnovations.gov/antifraud_resource/howfraudworks/gfo/DeductibleOrCoPaymentNonCollection,deductible or co-payment non-collection,deductible or co-payment non-collection,https://gaoinnovations.gov/antifraud_resource/howfraudworks/gfo/HealthcareFraudMechanism
https://gaoinnovations.gov/antifraud_resource/howfraudworks/gfo/DeepFake,deep fake,deep fake,https://gaoinnovations.gov/antifraud_resource/howfraudworks/gfo/Misrepresentation
https://gaoinnovations.gov/antifraud_resource/howfraudworks/gfo/DeepWeb,deep web,deep web,https://gaoinnovations.gov/antifraud_resource/howfraudworks/gfo/Internet
https://gaoinnovations.gov/antifraud_resource/howfraudworks/gfo/DefeatDevice,defeat device,defeat device,https://gaoinnovations.gov/antifraud_resource/howfraudworks/gfo/emissionsTampering
https://gaoinnovations.gov/antifraud_resource/howfraudworks/gfo/DepartmentOfMotorVehicles,department of motor vehicles,department of motor vehicles,https://gaoinnovations.gov/antifraud_resource/howfraudworks/gfo/GovernmentalUnit
https://gaoinnovations.gov/antifraud_resource/howfraudworks/gfo/DesignatedArea,designated area,designated area,https://gaoinnovations.gov/antifraud_resource/howfraudworks/gfo/FunctionalEntity
https://gaoinnovations.gov/antifraud_resource/howfraudworks/gfo/Destruction_of_nature,destruction of nature,destruction of nature,https://gaoinnovations.gov/antifraud_resource/howfraudworks/gfo/environemntal_mechanism
https://gaoinnovations.gov/antifraud_resource/howfraudworks/gfo/DiplomaMill,diploma mill,diploma mill,https://gaoinnovations.gov/antifraud_resource/howfraudworks/gfo/FunctionalEntity
https://gaoinnovations.gov/antifraud_resource/howfraudworks/gfo/DirectPaymentForSpecificUse,direct payment for specific use,direct payment for specific use; Direct payment for specific use,https://gaoinnovations.gov/antifraud_resource/howfraudworks/gfo/FundingStream
https://gaoinnovations.gov/antifraud_resource/howfraudworks/gfo/DirectPaymentForUnrestrictedUse,Direct payment for unrestricted use,Direct payment for unrestricted use; direct payment for unrestricted use,https://gaoinnovations.gov/antifraud_resource/howfraudworks/gfo/FundingStream
https://gaoinnovations.gov/antifraud_resource/howfraudworks/gfo/DirectSchemeMode,direct scheme mode,direct scheme mode,https://gaoinnovations.gov/antifraud_resource/howfraudworks/gfo/SchemeMode
https://gaoinnovations.gov/antifraud_resource/howfraudworks/gfo/DisasterCaseManagementAssistance,federal disaster case management assistance,federal disaster case management assistance,https://gaoinnovations.gov/antifraud_resource/howfraudworks/gfo/DisasterAssistance
https://gaoinnovations.gov/antifraud_resource/howfraudworks/gfo/DisseminationOfTechnicalInformation,Dissemination of technical information,Dissemination of technical information; dissemination of technical information,https://gaoinnovations.gov/antifraud_resource/howfraudworks/gfo/FundingStream
https://gaoinnovations.gov/antifraud_resource/howfraudworks/gfo/DocumentOmission,document omission,document omission,https://gaoinnovations.gov/antifraud_resource/howfraudworks/gfo/DocumentManipulation
https://gaoinnovations.gov/antifraud_resource/howfraudworks/gfo/DomesticAssistanceGrant,domestic assistance grant,domestic assistance grant; Domestic assistance grant,https://gaoinnovations.gov/antifraud_resource/howfraudworks/gfo/Grant
https://gaoinnovations.gov/antifraud_resource/howfraudworks/gfo/Drilling_without_approval,drilling without approval,drilling without approval,https://gaoinnovations.gov/antifraud_resource/howfraudworks/gfo/Mechanism
https://gaoinnovations.gov/antifraud_resource/howfraudworks/gfo/DrugDiversion,drug diversion,drug diversion,https://gaoinnovations.gov/antifraud_resource/howfraudworks/gfo/HealthcareFraudMechanism; https://gaoinnovations.gov/antifraud_resource/howfraudworks/gfo/MedicaidFraud
https://gaoinnovations.gov/antifraud_resource/howfraudworks/gfo/DuplicateBenefit,duplicate disaster benefit,duplicate disaster benefit,https://gaoinnovations.gov/antifraud_resource/howfraudworks/gfo/DisasterAssistanceFraud
https://gaoinnovations.gov/antifraud_resource/howfraudworks/gfo/DuplicateInvoice,duplicate invoice,duplicate invoice,https://gaoinnovations.gov/antifraud_resource/howfraudworks/gfo/InvoicingManipulation
https://gaoinnovations.gov/antifraud_resource/howfraudworks/gfo/DuplicativeResearchScheme,duplicative research scheme,duplicative research scheme,https://gaoinnovations.gov/antifraud_resource/howfraudworks/gfo/Misrepresentation
https://gaoinnovations.gov/antifraud_resource/howfraudworks/gfo/DustSamplingFraud,dust sampling fraud,dust sampling fraud,https://gaoinnovations.gov/antifraud_resource/howfraudworks/gfo/LaboratoryFraud
https://gaoinnovations.gov/antifraud_resource/howfraudworks/gfo/EducationTrainingEmploymentAndSocialService,"Education, training, employment, and social service","Education, training, employment, and social service; education, training, employment, and social service",https://gaoinnovations.gov/antifraud_resource/howfraudworks/gfo/ProgramArea
https://gaoinnovations.gov/antifraud_resource/howfraudworks/gfo/ElderFraud,elder fraud,elder fraud,https://gaoinnovations.gov/antifraud_resource/howfraudworks/gfo/BeneficiaryFraud
https://gaoinnovations.gov/antifraud_resource/howfraudworks/gfo/EmployerFraud,employer fraud,employer fraud,https://gaoinnovations.gov/antifraud_resource/howfraudworks/gfo/WorkplaceFraud
https://gaoinnovations.gov/antifraud_resource/howfraudworks/gfo/EnglishLanguageLearner,English language learner,English language learner; English language learners,https://gaoinnovations.gov/antifraud_resource/howfraudworks/gfo/Person
https://gaoinnovations.gov/antifraud_resource/howfraudworks/gfo/EpidemicAlertThreshold,epidemic alert threshold,epidemic alert threshold,https://gaoinnovations.gov/antifraud_resource/howfraudworks/gfo/federalMeasurement
https://gaoinnovations.gov/antifraud_resource/howfraudworks/gfo/Event,event,event,http://www.w3.org/2002/07/owl#Thing
https://gaoinnovations.gov/antifraud_resource/howfraudworks/gfo/EventResponse,federal response to event,federal response to event,https://gaoinnovations.gov/antifraud_resource/howfraudworks/gfo/Event
https://gaoinnovations.gov/antifraud_resource/howfraudworks/gfo/ExcessiveGift,excessive gift,excessive gift,https://gaoinnovations.gov/antifraud_resource/howfraudworks/gfo/Corruption
https://gaoinnovations.gov/antifraud_resource/howfraudworks/gfo/ExitScam,cryptocurrency exit scam,cryptocurrency exit scam,https://gaoinnovations.gov/antifraud_resource/howfraudworks/gfo/Scam
https://gaoinnovations.gov/antifraud_resource/howfraudworks/gfo/Facilitator,facilitator,facilitator,https://gaoinnovations.gov/antifraud_resource/howfraudworks/gfo/Actor; https://gaoinnovations.gov/antifraud_resource/howfraudworks/gfo/Participant
https://gaoinnovations.gov/antifraud_resource/howfraudworks/gfo/FailureToFileReturn,failure to file return,failure to file return,https://gaoinnovations.gov/antifraud_resource/howfraudworks/gfo/TaxEvasion
https://gaoinnovations.gov/antifraud_resource/howfraudworks/gfo/FailureToMeetContractSpecification,failure to meet contract specification,failure to meet contract specification,https://gaoinnovations.gov/antifraud_resource/howfraudworks/gfo/ContractFraudMechanism
https://gaoinnovations.gov/antifraud_resource/howfraudworks/gfo/FailureToPayTax,failure to pay tax,failure to pay tax,https://gaoinnovations.gov/antifraud_resource/howfraudworks/gfo/TaxEvasion
https://gaoinnovations.gov/antifraud_resource/howfraudworks/gfo/FailureToReportChangeInBenefitStatus,failure to report change in benefit status,failure to report change in benefit status,https://gaoinnovations.gov/antifraud_resource/howfraudworks/gfo/Misrepresentation
https://gaoinnovations.gov/antifraud_resource/howfraudworks/gfo/FailureToWithholdTax,failure to withhold tax,failure to withhold tax,https://gaoinnovations.gov/antifraud_resource/howfraudworks/gfo/TaxEvasion
https://gaoinnovations.gov/antifraud_resource/howfraudworks/gfo/FakeJobScam,fake job scam,fake job scam,https://gaoinnovations.gov/antifraud_resource/howfraudworks/gfo/Scam
https://gaoinnovations.gov/antifraud_resource/howfraudworks/gfo/FalseIdentificationFraud,false identification fraud,false identification fraud,https://gaoinnovations.gov/antifraud_resource/howfraudworks/gfo/IdentityFraud
https://gaoinnovations.gov/antifraud_resource/howfraudworks/gfo/FalseInvoice,false invoice,false invoice,https://gaoinnovations.gov/antifraud_resource/howfraudworks/gfo/InvoicingManipulation
https://gaoinnovations.gov/antifraud_resource/howfraudworks/gfo/FalsifyingPatientDiagnosis,falsifying patient diagnosis,falsifying patient diagnosis,https://gaoinnovations.gov/antifraud_resource/howfraudworks/gfo/HealthcareFraudMechanism
https://gaoinnovations.gov/antifraud_resource/howfraudworks/gfo/FederalFraudIncidentResponse,federal fraud incident response,federal fraud incident response,http://www.w3.org/2002/07/owl#Thing
https://gaoinnovations.gov/antifraud_resource/howfraudworks/gfo/FederalFraudScheme,federal fraud scheme,federal fraud scheme,https://gaoinnovations.gov/antifraud_resource/howfraudworks/gfo/Situation
https://gaoinnovations.gov/antifraud_resource/howfraudworks/gfo/FederalLinkedProgramImpact,federal linked program impact,federal linked program impact,https://gaoinnovations.gov/antifraud_resource/howfraudworks/gfo/FederalProgramImpact
https://gaoinnovations.gov/antifraud_resource/howfraudworks/gfo/FederalPartnerImpact,federal partner impact,federal partner impact,https://gaoinnovations.gov/antifraud_resource/howfraudworks/gfo/FederalProgramImpact
https://gaoinnovations.gov/antifraud_resource/howfraudworks/gfo/FederalProgramMissionImpact,federal program mission impact,federal program mission impact,https://gaoinnovations.gov/antifraud_resource/howfraudworks/gfo/FederalProgramImpact
https://gaoinnovations.gov/antifraud_resource/howfraudworks/gfo/FictitiousEntity,fictitious entity,fictitious entity,https://gaoinnovations.gov/antifraud_resource/howfraudworks/gfo/Misrepresentation; https://gaoinnovations.gov/antifraud_resource/howfraudworks/gfo/OpaqueOwnership
https://gaoinnovations.gov/antifraud_resource/howfraudworks/gfo/FictitiousIndividual,fictitious individual,fictitious individual,https://gaoinnovations.gov/antifraud_resource/howfraudworks/gfo/Misrepresentation
https://gaoinnovations.gov/antifraud_resource/howfraudworks/gfo/FictitiousRevenueAndSales,fictitious revenue and sales,fictitious revenue and sales,https://gaoinnovations.gov/antifraud_resource/howfraudworks/gfo/Misrepresentation
https://gaoinnovations.gov/antifraud_resource/howfraudworks/gfo/FictitiousVendor,fictitious vendor,fictitious vendor,https://gaoinnovations.gov/antifraud_resource/howfraudworks/gfo/ContractFraudMechanism; https://gaoinnovations.gov/antifraud_resource/howfraudworks/gfo/FictitiousEntity
https://gaoinnovations.gov/antifraud_resource/howfraudworks/gfo/FinancialLossImpact,financial loss impact,financial loss impact,https://gaoinnovations.gov/antifraud_resource/howfraudworks/gfo/ProgramBeneficiaryImpact
https://gaoinnovations.gov/antifraud_resource/howfraudworks/gfo/FishingAndSeafoodFraud,seafood fraud,seafood fraud,https://gaoinnovations.gov/antifraud_resource/howfraudworks/gfo/EnvironmentalFraud
https://gaoinnovations.gov/antifraud_resource/howfraudworks/gfo/Flopping,flopping,flopping,https://gaoinnovations.gov/antifraud_resource/howfraudworks/gfo/MortgageScheme
https://gaoinnovations.gov/antifraud_resource/howfraudworks/gfo/ForProfitCollege,proprietary institution of higher education,proprietary institution of higher education,https://gaoinnovations.gov/antifraud_resource/howfraudworks/gfo/InstitutionOfHigherEducation
https://gaoinnovations.gov/antifraud_resource/howfraudworks/gfo/ForeclosureRescueScheme,foreclosure rescue scheme,foreclosure rescue scheme,https://gaoinnovations.gov/antifraud_resource/howfraudworks/gfo/LoanModificationScheme; https://gaoinnovations.gov/antifraud_resource/howfraudworks/gfo/MortgageScheme
https://gaoinnovations.gov/antifraud_resource/howfraudworks/gfo/ForeignHigherEducationInstitutions,foreign institution of higher education,foreign institution of higher education,https://gaoinnovations.gov/antifraud_resource/howfraudworks/gfo/EducationalInstitution
https://gaoinnovations.gov/antifraud_resource/howfraudworks/gfo/ForeignLaborCertificationFraud,foreign labor certification fraud,foreign labor certification fraud,https://gaoinnovations.gov/antifraud_resource/howfraudworks/gfo/EmployerFraud; https://gaoinnovations.gov/antifraud_resource/howfraudworks/gfo/VisaFraud
https://gaoinnovations.gov/antifraud_resource/howfraudworks/gfo/ForensicLoanAuditScam,phony audit loan audit scam,phony audit loan audit scam,https://gaoinnovations.gov/antifraud_resource/howfraudworks/gfo/MortgageScheme
https://gaoinnovations.gov/antifraud_resource/howfraudworks/gfo/FraudDetection,fraud prevention and detection resource,fraud prevention and detection resource,https://gaoinnovations.gov/antifraud_resource/howfraudworks/gfo/FraudRiskManagementGuidance
https://gaoinnovations.gov/antifraud_resource/howfraudworks/gfo/FraudEducation,fraud awareness resource,fraud awareness resource,https://gaoinnovations.gov/antifraud_resource/howfraudworks/gfo/FraudRiskManagementGuidance
https://gaoinnovations.gov/antifraud_resource/howfraudworks/gfo/FraudRing,fraud ring,fraud ring,https://gaoinnovations.gov/antifraud_resource/howfraudworks/gfo/CriminalEnterprise
https://gaoinnovations.gov/antifraud_resource/howfraudworks/gfo/FraudRiskManagementGuidance,fraud risk management guidance,fraud risk management guidance,
https://gaoinnovations.gov/antifraud_resource/howfraudworks/gfo/FraudRiskManagementPrinciples,fraud risk management principle resource,fraud risk management principle resource,https://gaoinnovations.gov/antifraud_resource/howfraudworks/gfo/FraudRiskManagementGuidance
https://gaoinnovations.gov/antifraud_resource/howfraudworks/gfo/Fraudster,fraudster,fraudster,https://gaoinnovations.gov/antifraud_resource/howfraudworks/gfo/Actor; https://gaoinnovations.gov/antifraud_resource/howfraudworks/gfo/Participant
https://gaoinnovations.gov/antifraud_resource/howfraudworks/gfo/FraudsterBenefit,fraudster benefit,fraudster benefit,https://gaoinnovations.gov/antifraud_resource/howfraudworks/gfo/ImpactOnFraudster
https://gaoinnovations.gov/antifraud_resource/howfraudworks/gfo/FraudsterDetected,fraudster detection,fraudster detection,https://gaoinnovations.gov/antifraud_resource/howfraudworks/gfo/ImpactOnFraudster
https://gaoinnovations.gov/antifraud_resource/howfraudworks/gfo/FraudsterUndetected,fraudster nondetection,fraudster nondetection,https://gaoinnovations.gov/antifraud_resource/howfraudworks/gfo/ImpactOnFraudster
https://gaoinnovations.gov/antifraud_resource/howfraudworks/gfo/FraudulentClaimAsASmallBusiness,fraudulent claim as a small business,fraudulent claim as a small business,https://gaoinnovations.gov/antifraud_resource/howfraudworks/gfo/Misrepresentation
https://gaoinnovations.gov/antifraud_resource/howfraudworks/gfo/FraudulentLoanAdvance,fraudulent loan advance,fraudulent loan advance,https://gaoinnovations.gov/antifraud_resource/howfraudworks/gfo/FinancialTransactionExploit
https://gaoinnovations.gov/antifraud_resource/howfraudworks/gfo/FunctionalEntity,functional entity,functional entity,https://gaoinnovations.gov/antifraud_resource/howfraudworks/gfo/ThingInRole
https://gaoinnovations.gov/antifraud_resource/howfraudworks/gfo/FundingStream,funding stream,funding stream,
https://gaoinnovations.gov/antifraud_resource/howfraudworks/gfo/FuneralOrCemeteryFraud,funeral or cemetery fraud,funeral or cemetery fraud,https://gaoinnovations.gov/antifraud_resource/howfraudworks/gfo/ConsumerFraud
https://gaoinnovations.gov/antifraud_resource/howfraudworks/gfo/GainedProgramAccess,gained program access,gained program access,https://gaoinnovations.gov/antifraud_resource/howfraudworks/gfo/FraudsterBenefit
https://gaoinnovations.gov/antifraud_resource/howfraudworks/gfo/GhostBeneficiary,ghost beneficiary,ghost beneficiary,https://gaoinnovations.gov/antifraud_resource/howfraudworks/gfo/FictitiousIndividual
https://gaoinnovations.gov/antifraud_resource/howfraudworks/gfo/GrantFraudMechanism,grant fraud mechanism,grant fraud mechanism,https://gaoinnovations.gov/antifraud_resource/howfraudworks/gfo/Mechanism
https://gaoinnovations.gov/antifraud_resource/howfraudworks/gfo/Hacktivist,hacktivist,hacktivist,https://gaoinnovations.gov/antifraud_resource/howfraudworks/gfo/Hacker
https://gaoinnovations.gov/antifraud_resource/howfraudworks/gfo/HazardPay,hazard pay,hazard pay,https://gaoinnovations.gov/antifraud_resource/howfraudworks/gfo/FederalEmploymentPay
https://gaoinnovations.gov/antifraud_resource/howfraudworks/gfo/HealthcareEligibilityFraud,healthcare eligibility fraud,healthcare eligibility fraud,https://gaoinnovations.gov/antifraud_resource/howfraudworks/gfo/HealthcareFraud
https://gaoinnovations.gov/antifraud_resource/howfraudworks/gfo/HealthcareFraudMechanism,healthcare fraud mechanism,healthcare fraud mechanism,https://gaoinnovations.gov/antifraud_resource/howfraudworks/gfo/Mechanism
https://gaoinnovations.gov/antifraud_resource/howfraudworks/gfo/HealthcareRelatedScam,healthcare related scam,healthcare related scam,https://gaoinnovations.gov/antifraud_resource/howfraudworks/gfo/Scam
https://gaoinnovations.gov/antifraud_resource/howfraudworks/gfo/Homebuyer,homebuyer,homebuyer,https://gaoinnovations.gov/antifraud_resource/howfraudworks/gfo/Person
https://gaoinnovations.gov/antifraud_resource/howfraudworks/gfo/HorizontalPriceFixing,horizontal price fixing,horizontal price fixing,https://gaoinnovations.gov/antifraud_resource/howfraudworks/gfo/PriceFixing
https://gaoinnovations.gov/antifraud_resource/howfraudworks/gfo/HushPayment,hush payment,hush payment,https://gaoinnovations.gov/antifraud_resource/howfraudworks/gfo/facilitationPayment
https://gaoinnovations.gov/antifraud_resource/howfraudworks/gfo/Identifier,identifier,identifier,
https://gaoinnovations.gov/antifraud_resource/howfraudworks/gfo/IdentityDocumentFraud,identity document fraud,identity document fraud,https://gaoinnovations.gov/antifraud_resource/howfraudworks/gfo/IdentityFraud
https://gaoinnovations.gov/antifraud_resource/howfraudworks/gfo/IdentityFraud,identity fraud,identity fraud,https://gaoinnovations.gov/antifraud_resource/howfraudworks/gfo/FraudActivity
https://gaoinnovations.gov/antifraud_resource/howfraudworks/gfo/IdentityOfInterestFraud,identity of interest fraud,identity of interest fraud,https://gaoinnovations.gov/antifraud_resource/howfraudworks/gfo/MortgageFraud
https://gaoinnovations.gov/antifraud_resource/howfraudworks/gfo/IllegalGratuity,illegal gratuity,illegal gratuity,https://gaoinnovations.gov/antifraud_resource/howfraudworks/gfo/Bribery
https://gaoinnovations.gov/antifraud_resource/howfraudworks/gfo/IllegalLogging,illegal logging and deforestation,illegal logging and deforestation,https://gaoinnovations.gov/antifraud_resource/howfraudworks/gfo/EnvironmentalFraud
https://gaoinnovations.gov/antifraud_resource/howfraudworks/gfo/IllegalMining,illicit mining,illicit mining,https://gaoinnovations.gov/antifraud_resource/howfraudworks/gfo/EnvironmentalFraud
https://gaoinnovations.gov/antifraud_resource/howfraudworks/gfo/IllegalPropertyFlipping,illegal property flipping,illegal property flipping,https://gaoinnovations.gov/antifraud_resource/howfraudworks/gfo/MortgageScheme
https://gaoinnovations.gov/antifraud_resource/howfraudworks/gfo/Illegal_harvesting,illegal harvesting,illegal harvesting,https://gaoinnovations.gov/antifraud_resource/howfraudworks/gfo/environemntal_mechanism
https://gaoinnovations.gov/antifraud_resource/howfraudworks/gfo/IllicitlyGainedFunds,illicitly gained funds,illicitly gained funds,https://gaoinnovations.gov/antifraud_resource/howfraudworks/gfo/FraudsterBenefit
https://gaoinnovations.gov/antifraud_resource/howfraudworks/gfo/ImpactOnFraudster,impact on fraudster,impact on fraudster,https://gaoinnovations.gov/antifraud_resource/howfraudworks/gfo/Impact
https://gaoinnovations.gov/antifraud_resource/howfraudworks/gfo/ImpactOnOversightActivity,impact on oversight activity,impact on oversight activity,https://gaoinnovations.gov/antifraud_resource/howfraudworks/gfo/FederalFraudIncidentResponse
https://gaoinnovations.gov/antifraud_resource/howfraudworks/gfo/ImproperDisclosure,improper disclosure,improper disclosure,https://gaoinnovations.gov/antifraud_resource/howfraudworks/gfo/Misrepresentation
https://gaoinnovations.gov/antifraud_resource/howfraudworks/gfo/ImproperRevenueRecognition,improper revenue recognition,improper revenue recognition,https://gaoinnovations.gov/antifraud_resource/howfraudworks/gfo/CookingTheBooks; https://gaoinnovations.gov/antifraud_resource/howfraudworks/gfo/FinancialStatementFraud
https://gaoinnovations.gov/antifraud_resource/howfraudworks/gfo/InaccurateTimesheet,inaccurate timesheet,inaccurate timesheet,https://gaoinnovations.gov/antifraud_resource/howfraudworks/gfo/employmentFraudMechanism
https://gaoinnovations.gov/antifraud_resource/howfraudworks/gfo/IncarceratedIndividual,incarcerated individual,incarcerated individual,https://gaoinnovations.gov/antifraud_resource/howfraudworks/gfo/PersonInCustodyOfTheState
https://gaoinnovations.gov/antifraud_resource/howfraudworks/gfo/IncorrectDiagnosisOrProcedureReporting,incorrect diagnosis or procedure reporting,incorrect diagnosis or procedure reporting,https://gaoinnovations.gov/antifraud_resource/howfraudworks/gfo/HealthcareFraudMechanism
https://gaoinnovations.gov/antifraud_resource/howfraudworks/gfo/IndividualWithMentalIllness,individual with mental illness,individual with mental illness,https://gaoinnovations.gov/antifraud_resource/howfraudworks/gfo/PersonInCustodyOfTheState
https://gaoinnovations.gov/antifraud_resource/howfraudworks/gfo/InflatedCompanyValuation,inflated asset valuation,inflated asset valuation,https://gaoinnovations.gov/antifraud_resource/howfraudworks/gfo/FinancialStatementFraud
https://gaoinnovations.gov/antifraud_resource/howfraudworks/gfo/InflatedIncomeMortgageFraud,inflated income mortgage fraud,inflated income mortgage fraud,https://gaoinnovations.gov/antifraud_resource/howfraudworks/gfo/MortgageFraud
https://gaoinnovations.gov/antifraud_resource/howfraudworks/gfo/InflatedInvoice,inflated invoice,inflated invoice,https://gaoinnovations.gov/antifraud_resource/howfraudworks/gfo/InvoicingManipulation
https://gaoinnovations.gov/antifraud_resource/howfraudworks/gfo/InflatedMileage,inflated mileage,inflated mileage,https://gaoinnovations.gov/antifraud_resource/howfraudworks/gfo/ReimbursementScam
https://gaoinnovations.gov/antifraud_resource/howfraudworks/gfo/InflatedPatientDiagnosis,inflated patient diagnosis,inflated patient diagnosis,https://gaoinnovations.gov/antifraud_resource/howfraudworks/gfo/HealthcareFraudMechanism
https://gaoinnovations.gov/antifraud_resource/howfraudworks/gfo/InformationAndCommunication,information and communication internal control standard,information and communication internal control standard,https://gaoinnovations.gov/antifraud_resource/howfraudworks/gfo/InternalControl
https://gaoinnovations.gov/antifraud_resource/howfraudworks/gfo/Insider,insider,insider,https://gaoinnovations.gov/antifraud_resource/howfraudworks/gfo/Criminal
https://gaoinnovations.gov/antifraud_resource/howfraudworks/gfo/InspectionAvoidance,inspection avoidance,inspection avoidance,https://gaoinnovations.gov/antifraud_resource/howfraudworks/gfo/Mechanism
https://gaoinnovations.gov/antifraud_resource/howfraudworks/gfo/InspectorGeneralResourceImpact,inspector general resource impact,inspector general resource impact,https://gaoinnovations.gov/antifraud_resource/howfraudworks/gfo/AgencyResourceImpact
https://gaoinnovations.gov/antifraud_resource/howfraudworks/gfo/InstitutionOfHigherEducation,institution of higher education,institution of higher education,https://gaoinnovations.gov/antifraud_resource/howfraudworks/gfo/EducationalInstitution
https://gaoinnovations.gov/antifraud_resource/howfraudworks/gfo/InternalControl,federal internal control standard,federal internal control standard,
https://gaoinnovations.gov/antifraud_resource/howfraudworks/gfo/InternationalRevenueSharingFraud,international revenue sharing fraud,international revenue sharing fraud,https://gaoinnovations.gov/antifraud_resource/howfraudworks/gfo/TelecommunicationsExploit
https://gaoinnovations.gov/antifraud_resource/howfraudworks/gfo/InternetAuctionFraud,internet auction fraud,internet auction fraud,https://gaoinnovations.gov/antifraud_resource/howfraudworks/gfo/ConsumerFraud
https://gaoinnovations.gov/antifraud_resource/howfraudworks/gfo/InvestigationOfComplaint,Investigation of complaint,Investigation of complaint; investigation of complaint,https://gaoinnovations.gov/antifraud_resource/howfraudworks/gfo/FundingStream
https://gaoinnovations.gov/antifraud_resource/howfraudworks/gfo/JudicialResourceImpact,judicial resource impact,judicial resource impact,https://gaoinnovations.gov/antifraud_resource/howfraudworks/gfo/OversightResourceImpact
https://gaoinnovations.gov/antifraud_resource/howfraudworks/gfo/JurorScams,juror scam,juror scam,https://gaoinnovations.gov/antifraud_resource/howfraudworks/gfo/Scam
https://gaoinnovations.gov/antifraud_resource/howfraudworks/gfo/KeyLogging,key logging,key logging,https://gaoinnovations.gov/antifraud_resource/howfraudworks/gfo/CyberExploit
https://gaoinnovations.gov/antifraud_resource/howfraudworks/gfo/LaborRacketeering,labor racketeering,labor racketeering,https://gaoinnovations.gov/antifraud_resource/howfraudworks/gfo/CriminalAbuseOfUnionPower
https://gaoinnovations.gov/antifraud_resource/howfraudworks/gfo/LaboratoryFraud,laboratory fraud,laboratory fraud,https://gaoinnovations.gov/antifraud_resource/howfraudworks/gfo/FraudActivity
https://gaoinnovations.gov/antifraud_resource/howfraudworks/gfo/LackOfOversightAction,lack of oversight action,lack of oversight action,https://gaoinnovations.gov/antifraud_resource/howfraudworks/gfo/FraudsterDetected
https://gaoinnovations.gov/antifraud_resource/howfraudworks/gfo/Landlord,landlord,landlord,https://gaoinnovations.gov/antifraud_resource/howfraudworks/gfo/PartyInRole
https://gaoinnovations.gov/antifraud_resource/howfraudworks/gfo/Lawmaker,lawmaker,lawmaker,https://gaoinnovations.gov/antifraud_resource/howfraudworks/gfo/PublicSectorEmployee
https://gaoinnovations.gov/antifraud_resource/howfraudworks/gfo/LeakingBidData,leaking bid data,leaking bid data,https://gaoinnovations.gov/antifraud_resource/howfraudworks/gfo/NonCompetitiveBidding
https://gaoinnovations.gov/antifraud_resource/howfraudworks/gfo/LegalResourceImpact,legal resource impact,legal resource impact,https://gaoinnovations.gov/antifraud_resource/howfraudworks/gfo/OversightResourceImpact
https://gaoinnovations.gov/antifraud_resource/howfraudworks/gfo/LienFillingFraud,lien filing fraud,lien filing fraud,https://gaoinnovations.gov/antifraud_resource/howfraudworks/gfo/FraudActivity
https://gaoinnovations.gov/antifraud_resource/howfraudworks/gfo/LoanModificationScheme,loan modification scheme,loan modification scheme,https://gaoinnovations.gov/antifraud_resource/howfraudworks/gfo/MortgageScheme
https://gaoinnovations.gov/antifraud_resource/howfraudworks/gfo/LocalLaw,local law,local law,https://gaoinnovations.gov/antifraud_resource/howfraudworks/gfo/Law
https://gaoinnovations.gov/antifraud_resource/howfraudworks/gfo/LocalTaxpayer,local taxpayer,local taxpayer,https://gaoinnovations.gov/antifraud_resource/howfraudworks/gfo/Individual
https://gaoinnovations.gov/antifraud_resource/howfraudworks/gfo/LocallyEmployedStaff,locally employed staff,locally employed staff,https://gaoinnovations.gov/antifraud_resource/howfraudworks/gfo/Employee
https://gaoinnovations.gov/antifraud_resource/howfraudworks/gfo/LogicBomb,logic bomb,logic bomb,https://gaoinnovations.gov/antifraud_resource/howfraudworks/gfo/CyberExploit
https://gaoinnovations.gov/antifraud_resource/howfraudworks/gfo/LossOfFreedom,loss of freedom,loss of freedom,https://gaoinnovations.gov/antifraud_resource/howfraudworks/gfo/FraudsterDetected
https://gaoinnovations.gov/antifraud_resource/howfraudworks/gfo/LossOfInternationalStanding,loss of international standing,loss of international standing,https://gaoinnovations.gov/antifraud_resource/howfraudworks/gfo/PublicLossOfTrust
https://gaoinnovations.gov/antifraud_resource/howfraudworks/gfo/LossOfProgramAccess,loss of program access,loss of program access,https://gaoinnovations.gov/antifraud_resource/howfraudworks/gfo/FraudsterDetected
https://gaoinnovations.gov/antifraud_resource/howfraudworks/gfo/LotteryScam,lottery scam,lottery scam,https://gaoinnovations.gov/antifraud_resource/howfraudworks/gfo/Scam
https://gaoinnovations.gov/antifraud_resource/howfraudworks/gfo/LowIncomeHousingTaxCreditFraud,low income housing tax credit fraud,low income housing tax credit fraud,https://gaoinnovations.gov/antifraud_resource/howfraudworks/gfo/MortgageFraud
https://gaoinnovations.gov/antifraud_resource/howfraudworks/gfo/LowerLivingStandardIncomeLevel,lower living standard income level,lower living standard income level,https://gaoinnovations.gov/antifraud_resource/howfraudworks/gfo/federalMeasurement
https://gaoinnovations.gov/antifraud_resource/howfraudworks/gfo/Malinger,malingering,malingering,https://gaoinnovations.gov/antifraud_resource/howfraudworks/gfo/employmentFraudMechanism
https://gaoinnovations.gov/antifraud_resource/howfraudworks/gfo/MarketManipulationFraud,market manipulation fraud,market manipulation fraud,https://gaoinnovations.gov/antifraud_resource/howfraudworks/gfo/SecuritiesFraud
https://gaoinnovations.gov/antifraud_resource/howfraudworks/gfo/Marriage,marriage,marriage,https://gaoinnovations.gov/antifraud_resource/howfraudworks/gfo/QualifyingLifeEvent
https://gaoinnovations.gov/antifraud_resource/howfraudworks/gfo/MarriedCouple,married couple,married couple,https://gaoinnovations.gov/antifraud_resource/howfraudworks/gfo/family
https://gaoinnovations.gov/antifraud_resource/howfraudworks/gfo/MassJoinerLawsuit,mass joinder lawsuit,mass joinder lawsuit,https://gaoinnovations.gov/antifraud_resource/howfraudworks/gfo/MortgageFraud
https://gaoinnovations.gov/antifraud_resource/howfraudworks/gfo/MassMarketConsumerFraud,mass market consumer fraud,mass market consumer fraud,https://gaoinnovations.gov/antifraud_resource/howfraudworks/gfo/ConsumerFraud
https://gaoinnovations.gov/antifraud_resource/howfraudworks/gfo/Mechanism,mechanism,mechanism,
https://gaoinnovations.gov/antifraud_resource/howfraudworks/gfo/MedicalSelfReferral,medical self-referral,medical self-referral,https://gaoinnovations.gov/antifraud_resource/howfraudworks/gfo/HealthcareFraudMechanism
https://gaoinnovations.gov/antifraud_resource/howfraudworks/gfo/MedicallyUnnecessaryProcedure,medically unnecessary procedure,medically unnecessary procedure,https://gaoinnovations.gov/antifraud_resource/howfraudworks/gfo/HealthcareFraudMechanism
https://gaoinnovations.gov/antifraud_resource/howfraudworks/gfo/MiscellaneousExpenseDisasterAssistance,miscellaneous expense disaster assistance,miscellaneous expense disaster assistance,https://gaoinnovations.gov/antifraud_resource/howfraudworks/gfo/DisasterAssistance
https://gaoinnovations.gov/antifraud_resource/howfraudworks/gfo/Mislabeling,mislabeling,mislabeling,https://gaoinnovations.gov/antifraud_resource/howfraudworks/gfo/Mechanism
https://gaoinnovations.gov/antifraud_resource/howfraudworks/gfo/MisrepresentationOfCoverage,misrepresentation of coverage,misrepresentation of coverage,https://gaoinnovations.gov/antifraud_resource/howfraudworks/gfo/Misrepresentation
https://gaoinnovations.gov/antifraud_resource/howfraudworks/gfo/MisrepresentationOfExpendedFunds,misrepresentation of expended funds,misrepresentation of expended funds,https://gaoinnovations.gov/antifraud_resource/howfraudworks/gfo/Misrepresentation
https://gaoinnovations.gov/antifraud_resource/howfraudworks/gfo/MisrepresentationOfLocationOfService,misrepresentation of location of service,misrepresentation of location of service,https://gaoinnovations.gov/antifraud_resource/howfraudworks/gfo/Misrepresentation
https://gaoinnovations.gov/antifraud_resource/howfraudworks/gfo/MisrepresentationProviderOfService,misrepresentation provider of service,misrepresentation provider of service,https://gaoinnovations.gov/antifraud_resource/howfraudworks/gfo/Misrepresentation
https://gaoinnovations.gov/antifraud_resource/howfraudworks/gfo/MisrepresentedDatesOfService,misrepresented dates of service,misrepresented dates of service,https://gaoinnovations.gov/antifraud_resource/howfraudworks/gfo/Misrepresentation
https://gaoinnovations.gov/antifraud_resource/howfraudworks/gfo/MonetaryTheft,monetary theft,monetary theft,https://gaoinnovations.gov/antifraud_resource/howfraudworks/gfo/Theft
https://gaoinnovations.gov/antifraud_resource/howfraudworks/gfo/MoneyMule,money mule,money mule,https://gaoinnovations.gov/antifraud_resource/howfraudworks/gfo/FinancialTransactionExploit; https://gaoinnovations.gov/antifraud_resource/howfraudworks/gfo/MoneyLaundering
https://gaoinnovations.gov/antifraud_resource/howfraudworks/gfo/MoneyServiceBusiness,money service business,money service business,https://gaoinnovations.gov/antifraud_resource/howfraudworks/gfo/Business
https://gaoinnovations.gov/antifraud_resource/howfraudworks/gfo/MoneyTransferControlNumber,money transfer control number,money transfer control number,https://gaoinnovations.gov/antifraud_resource/howfraudworks/gfo/PersonallyIdentifiableInformation
https://gaoinnovations.gov/antifraud_resource/howfraudworks/gfo/MonitoringInternalControlStandard,monitoring internal control standard,monitoring internal control standard,https://gaoinnovations.gov/antifraud_resource/howfraudworks/gfo/InternalControl
https://gaoinnovations.gov/antifraud_resource/howfraudworks/gfo/MortgageFraudForHousing,mortgage fraud for housing,mortgage fraud for housing,https://gaoinnovations.gov/antifraud_resource/howfraudworks/gfo/HousingFraud; https://gaoinnovations.gov/antifraud_resource/howfraudworks/gfo/MortgageFraud
https://gaoinnovations.gov/antifraud_resource/howfraudworks/gfo/MortgageFraudForProfit,mortgage fraud for profit,mortgage fraud for profit,https://gaoinnovations.gov/antifraud_resource/howfraudworks/gfo/MortgageFraud
https://gaoinnovations.gov/antifraud_resource/howfraudworks/gfo/MortgageGiftLetterFraud,mortgage gift letter fraud,mortgage gift letter fraud,https://gaoinnovations.gov/antifraud_resource/howfraudworks/gfo/MortgageFraud
https://gaoinnovations.gov/antifraud_resource/howfraudworks/gfo/MortgageMoneyFraud,mortgage money fraud,mortgage money fraud,https://gaoinnovations.gov/antifraud_resource/howfraudworks/gfo/MortgageFraud
https://gaoinnovations.gov/antifraud_resource/howfraudworks/gfo/MortgagePoolFraud,mortgage pool fraud,mortgage pool fraud,https://gaoinnovations.gov/antifraud_resource/howfraudworks/gfo/MortgageFraud
https://gaoinnovations.gov/antifraud_resource/howfraudworks/gfo/MothersMaidenName,mother's maiden name,mother's maiden name,https://gaoinnovations.gov/antifraud_resource/howfraudworks/gfo/PersonallyIdentifiableInformation
https://gaoinnovations.gov/antifraud_resource/howfraudworks/gfo/MovingAndStorageExpenseDisasterAssistance,moving and storage expense disaster assistance,moving and storage expense disaster assistance,https://gaoinnovations.gov/antifraud_resource/howfraudworks/gfo/DisasterAssistance
https://gaoinnovations.gov/antifraud_resource/howfraudworks/gfo/MultipleReimbursement,multiple reimbursement,multiple reimbursement,https://gaoinnovations.gov/antifraud_resource/howfraudworks/gfo/HealthcareFraudMechanism
https://gaoinnovations.gov/antifraud_resource/howfraudworks/gfo/MultipleVoting,multiple voting,multiple voting,https://gaoinnovations.gov/antifraud_resource/howfraudworks/gfo/electionFraudMechanism
https://gaoinnovations.gov/antifraud_resource/howfraudworks/gfo/NetWorthOverstatement,net worth overstatement,net worth overstatement,https://gaoinnovations.gov/antifraud_resource/howfraudworks/gfo/Misrepresentation
https://gaoinnovations.gov/antifraud_resource/howfraudworks/gfo/NetWorthUnderstatement,net worth understatement,net worth understatement,https://gaoinnovations.gov/antifraud_resource/howfraudworks/gfo/Misrepresentation
https://gaoinnovations.gov/antifraud_resource/howfraudworks/gfo/NigerianLetterScam,419 scam,419 scam,https://gaoinnovations.gov/antifraud_resource/howfraudworks/gfo/Scam
https://gaoinnovations.gov/antifraud_resource/howfraudworks/gfo/NominalOwner,nominee official,nominee official,https://gaoinnovations.gov/antifraud_resource/howfraudworks/gfo/FictitiousIndividual
https://gaoinnovations.gov/antifraud_resource/howfraudworks/gfo/NonDeliveryOfService,nondelivery of service,nondelivery of service,https://gaoinnovations.gov/antifraud_resource/howfraudworks/gfo/Misrepresentation
https://gaoinnovations.gov/antifraud_resource/howfraudworks/gfo/NonDeliveryScam,nondelivery scam,nondelivery scam,https://gaoinnovations.gov/antifraud_resource/howfraudworks/gfo/Misrepresentation
https://gaoinnovations.gov/antifraud_resource/howfraudworks/gfo/NonFederalPartnerImpact,nonfederal partner impact,nonfederal partner impact,https://gaoinnovations.gov/antifraud_resource/howfraudworks/gfo/FederalProgramImpact
https://gaoinnovations.gov/antifraud_resource/howfraudworks/gfo/OccupationalIllnessCompensationFraud,occupational illness compensation fraud,occupational illness compensation fraud,https://gaoinnovations.gov/antifraud_resource/howfraudworks/gfo/WorkplaceFraud
https://gaoinnovations.gov/antifraud_resource/howfraudworks/gfo/OnlineCourse,online course,online course,https://gaoinnovations.gov/antifraud_resource/howfraudworks/gfo/FunctionalEntity
https://gaoinnovations.gov/antifraud_resource/howfraudworks/gfo/OversightParticipant,oversight participant,oversight participant,https://gaoinnovations.gov/antifraud_resource/howfraudworks/gfo/Actor; https://gaoinnovations.gov/antifraud_resource/howfraudworks/gfo/Participant
https://gaoinnovations.gov/antifraud_resource/howfraudworks/gfo/OversightResourceImpact,oversight resource impact,oversight resource impact,https://gaoinnovations.gov/antifraud_resource/howfraudworks/gfo/ImpactOnOversightActivity
https://gaoinnovations.gov/antifraud_resource/howfraudworks/gfo/OverutilizationOfMedicalService,overutilization of medical service,overutilization of medical service,https://gaoinnovations.gov/antifraud_resource/howfraudworks/gfo/HealthcareFraudMechanism
https://gaoinnovations.gov/antifraud_resource/howfraudworks/gfo/ParcelCourierEmailScam,parcel courier email scam,parcel courier email scam,https://gaoinnovations.gov/antifraud_resource/howfraudworks/gfo/Scam
https://gaoinnovations.gov/antifraud_resource/howfraudworks/gfo/Participant,participant,participant,https://gaoinnovations.gov/antifraud_resource/howfraudworks/gfo/PartyInRole
https://gaoinnovations.gov/antifraud_resource/howfraudworks/gfo/PartyInRole,party in role,party in role,https://gaoinnovations.gov/antifraud_resource/howfraudworks/gfo/AgentInRole
https://gaoinnovations.gov/antifraud_resource/howfraudworks/gfo/PassThroughBilling,pass though billing,pass though billing,https://gaoinnovations.gov/antifraud_resource/howfraudworks/gfo/ContractFraudMechanism; https://gaoinnovations.gov/antifraud_resource/howfraudworks/gfo/HealthcareFraudMechanism; https://gaoinnovations.gov/antifraud_resource/howfraudworks/gfo/Mechanism
https://gaoinnovations.gov/antifraud_resource/howfraudworks/gfo/PassThroughBillingFraud,pass-through billing fraud,pass-through billing fraud,https://gaoinnovations.gov/antifraud_resource/howfraudworks/gfo/ProcurementFraud
https://gaoinnovations.gov/antifraud_resource/howfraudworks/gfo/PassThroughEntity,pass-through entity,pass-through entity,https://gaoinnovations.gov/antifraud_resource/howfraudworks/gfo/FunctionalEntity
https://gaoinnovations.gov/antifraud_resource/howfraudworks/gfo/PassiveWiretapping,passive wiretapping,passive wiretapping,https://gaoinnovations.gov/antifraud_resource/howfraudworks/gfo/CyberExploit
https://gaoinnovations.gov/antifraud_resource/howfraudworks/gfo/PassportFraud,passport fraud,passport fraud,https://gaoinnovations.gov/antifraud_resource/howfraudworks/gfo/IdentityDocumentFraud
https://gaoinnovations.gov/antifraud_resource/howfraudworks/gfo/PassportNumber,passport number,passport number,https://gaoinnovations.gov/antifraud_resource/howfraudworks/gfo/PersonallyIdentifiableInformation
https://gaoinnovations.gov/antifraud_resource/howfraudworks/gfo/Patriomonialism,patrimonialism,patrimonialism,https://gaoinnovations.gov/antifraud_resource/howfraudworks/gfo/ConflictOfInterest
https://gaoinnovations.gov/antifraud_resource/howfraudworks/gfo/Patronage,patronage,patronage,https://gaoinnovations.gov/antifraud_resource/howfraudworks/gfo/ConflictOfInterest
https://gaoinnovations.gov/antifraud_resource/howfraudworks/gfo/PaymentCardNumber,payment card number,payment card number,https://gaoinnovations.gov/antifraud_resource/howfraudworks/gfo/PersonallyIdentifiableInformation
https://gaoinnovations.gov/antifraud_resource/howfraudworks/gfo/PaymentFraud,payment fraud,payment fraud,https://gaoinnovations.gov/antifraud_resource/howfraudworks/gfo/FraudActivity
https://gaoinnovations.gov/antifraud_resource/howfraudworks/gfo/PayrollFraud,payroll fraud,payroll fraud,https://gaoinnovations.gov/antifraud_resource/howfraudworks/gfo/AssetMisappropriation
https://gaoinnovations.gov/antifraud_resource/howfraudworks/gfo/PayrollMischarging,payroll mischarging,payroll mischarging,https://gaoinnovations.gov/antifraud_resource/howfraudworks/gfo/ContractFraudMechanism; https://gaoinnovations.gov/antifraud_resource/howfraudworks/gfo/Misrepresentation
https://gaoinnovations.gov/antifraud_resource/howfraudworks/gfo/PersonInCustodyOfTheState,person in custody of the state,person in custody of the state; Persons in custody of the state,https://gaoinnovations.gov/antifraud_resource/howfraudworks/gfo/Person
https://gaoinnovations.gov/antifraud_resource/howfraudworks/gfo/PersonalPropertyDisasterAssistance,personal property disaster assistance,personal property disaster assistance,https://gaoinnovations.gov/antifraud_resource/howfraudworks/gfo/DisasterAssistance
https://gaoinnovations.gov/antifraud_resource/howfraudworks/gfo/PhantomBidding,phantom bidding,phantom bidding,https://gaoinnovations.gov/antifraud_resource/howfraudworks/gfo/NonCompetitiveBidding
https://gaoinnovations.gov/antifraud_resource/howfraudworks/gfo/PhantomBilling,phantom billing,phantom billing,https://gaoinnovations.gov/antifraud_resource/howfraudworks/gfo/Misrepresentation
https://gaoinnovations.gov/antifraud_resource/howfraudworks/gfo/PhantomRevenuePosting,phantom revenue posting,phantom revenue posting,https://gaoinnovations.gov/antifraud_resource/howfraudworks/gfo/CookingTheBooks
https://gaoinnovations.gov/antifraud_resource/howfraudworks/gfo/PhoneNumber,phone number,phone number,https://gaoinnovations.gov/antifraud_resource/howfraudworks/gfo/PersonallyIdentifiableInformation
https://gaoinnovations.gov/antifraud_resource/howfraudworks/gfo/PhoneNumberPortOutScam,phone number port-out,phone number port-out,https://gaoinnovations.gov/antifraud_resource/howfraudworks/gfo/TelecommunicationsExploit
https://gaoinnovations.gov/antifraud_resource/howfraudworks/gfo/Pilferage,pilferage,pilferage,https://gaoinnovations.gov/antifraud_resource/howfraudworks/gfo/MonetaryTheft
https://gaoinnovations.gov/antifraud_resource/howfraudworks/gfo/Plagiarism,plagiarism,plagiarism,https://gaoinnovations.gov/antifraud_resource/howfraudworks/gfo/Mechanism
https://gaoinnovations.gov/antifraud_resource/howfraudworks/gfo/PoliticallyExposedPerson,politically exposed person,politically exposed person,https://gaoinnovations.gov/antifraud_resource/howfraudworks/gfo/Person
https://gaoinnovations.gov/antifraud_resource/howfraudworks/gfo/PostOffice,post office,post office,https://gaoinnovations.gov/antifraud_resource/howfraudworks/gfo/GovernmentalUnit
https://gaoinnovations.gov/antifraud_resource/howfraudworks/gfo/PostalWorker,postal worker,postal worker,https://gaoinnovations.gov/antifraud_resource/howfraudworks/gfo/federalCivilianEmployee
https://gaoinnovations.gov/antifraud_resource/howfraudworks/gfo/PovertyLevelGuideline,poverty level guideline,poverty level guideline,https://gaoinnovations.gov/antifraud_resource/howfraudworks/gfo/FederalGuideline
https://gaoinnovations.gov/antifraud_resource/howfraudworks/gfo/PredatoryShortSaleScam,predatory short sale scam,predatory short sale scam,https://gaoinnovations.gov/antifraud_resource/howfraudworks/gfo/MortgageScheme
https://gaoinnovations.gov/antifraud_resource/howfraudworks/gfo/PrimeBankNoteScam,prime bank note scam,prime bank note scam,https://gaoinnovations.gov/antifraud_resource/howfraudworks/gfo/Scam
https://gaoinnovations.gov/antifraud_resource/howfraudworks/gfo/PrincipalGrantAdministrator,principal grant administrator,principal grant administrator,https://gaoinnovations.gov/antifraud_resource/howfraudworks/gfo/Administrator
https://gaoinnovations.gov/antifraud_resource/howfraudworks/gfo/ProcurementFraudReportingRequirement,procurement fraud reporting requirement,procurement fraud reporting requirement,https://gaoinnovations.gov/antifraud_resource/howfraudworks/gfo/Regulation
https://gaoinnovations.gov/antifraud_resource/howfraudworks/gfo/ProgramEmployeeMoraleImpact,program employee morale impact,program employee morale impact,https://gaoinnovations.gov/antifraud_resource/howfraudworks/gfo/FederalProgramImpact
https://gaoinnovations.gov/antifraud_resource/howfraudworks/gfo/ProgramEmployeePerformanceImpact,program employee performance impact,program employee performance impact,https://gaoinnovations.gov/antifraud_resource/howfraudworks/gfo/FederalProgramImpact
https://gaoinnovations.gov/antifraud_resource/howfraudworks/gfo/ProgramLossOfTrustImpact,program loss of trust impact,program loss of trust impact,https://gaoinnovations.gov/antifraud_resource/howfraudworks/gfo/FederalProgramImpact
https://gaoinnovations.gov/antifraud_resource/howfraudworks/gfo/ProgramResourceImpact,program resource impact,program resource impact,https://gaoinnovations.gov/antifraud_resource/howfraudworks/gfo/AgencyResourceImpact
https://gaoinnovations.gov/antifraud_resource/howfraudworks/gfo/ProgramStakeholderImpact,program stakeholder impact,program stakeholder impact,https://gaoinnovations.gov/antifraud_resource/howfraudworks/gfo/FederalProgramImpact
https://gaoinnovations.gov/antifraud_resource/howfraudworks/gfo/ProjectGrant,Project grant,Project grant; project grant,https://gaoinnovations.gov/antifraud_resource/howfraudworks/gfo/DomesticAssistanceGrant
https://gaoinnovations.gov/antifraud_resource/howfraudworks/gfo/PromissoryNoteScam,promissory note scam,promissory note scam,https://gaoinnovations.gov/antifraud_resource/howfraudworks/gfo/Scam
https://gaoinnovations.gov/antifraud_resource/howfraudworks/gfo/PropertyFlippingFraud,property flipping fraud,property flipping fraud,https://gaoinnovations.gov/antifraud_resource/howfraudworks/gfo/AppraisalFraud
https://gaoinnovations.gov/antifraud_resource/howfraudworks/gfo/PropertyLienScam,property lien scam,property lien scam,https://gaoinnovations.gov/antifraud_resource/howfraudworks/gfo/Scam
https://gaoinnovations.gov/antifraud_resource/howfraudworks/gfo/ProvisionOfSpecializedService,Provision of specialized service,Provision of specialized service; provision of specialized service,https://gaoinnovations.gov/antifraud_resource/howfraudworks/gfo/FundingStream
https://gaoinnovations.gov/antifraud_resource/howfraudworks/gfo/PublicServiceAvailability,public service availability,public service availability,https://gaoinnovations.gov/antifraud_resource/howfraudworks/gfo/PublicSectorOperations
https://gaoinnovations.gov/antifraud_resource/howfraudworks/gfo/PublicServiceCommission,public service commission,public service commission,https://gaoinnovations.gov/antifraud_resource/howfraudworks/gfo/GovernmentalUnit
https://gaoinnovations.gov/antifraud_resource/howfraudworks/gfo/PumpAndDumpScam,pump and dump scam,pump and dump scam,https://gaoinnovations.gov/antifraud_resource/howfraudworks/gfo/Scam
https://gaoinnovations.gov/antifraud_resource/howfraudworks/gfo/PurchaseForPersonalUseOrResaleFraud,purchase for personal use or resale fraud,purchase for personal use or resale fraud,https://gaoinnovations.gov/antifraud_resource/howfraudworks/gfo/RealEstateFraud
https://gaoinnovations.gov/antifraud_resource/howfraudworks/gfo/PyramidScheme,pyramid scheme,pyramid scheme,https://gaoinnovations.gov/antifraud_resource/howfraudworks/gfo/Scam
https://gaoinnovations.gov/antifraud_resource/howfraudworks/gfo/QualifiedNonRecipient,qualified non-recipient,qualified non-recipient,https://gaoinnovations.gov/antifraud_resource/howfraudworks/gfo/ProgramUser
https://gaoinnovations.gov/antifraud_resource/howfraudworks/gfo/QualifyingLifeEvent,qualifying life event,qualifying life event,https://gaoinnovations.gov/antifraud_resource/howfraudworks/gfo/LifeEvent
https://gaoinnovations.gov/antifraud_resource/howfraudworks/gfo/QuiTam,qui tam,qui tam,https://gaoinnovations.gov/antifraud_resource/howfraudworks/gfo/FederalAdministrativeProcess
https://gaoinnovations.gov/antifraud_resource/howfraudworks/gfo/Racketeering,racketeering,racketeering,https://gaoinnovations.gov/antifraud_resource/howfraudworks/gfo/Corruption
https://gaoinnovations.gov/antifraud_resource/howfraudworks/gfo/ReShippingScam,re-shipping scam,re-shipping scam,https://gaoinnovations.gov/antifraud_resource/howfraudworks/gfo/Misrepresentation
https://gaoinnovations.gov/antifraud_resource/howfraudworks/gfo/RedemptionBondScam,redemption bond scam,redemption bond scam,https://gaoinnovations.gov/antifraud_resource/howfraudworks/gfo/Scam
https://gaoinnovations.gov/antifraud_resource/howfraudworks/gfo/RedemptionScam,redemption scam,redemption scam,https://www.gao.gov/ontology/gfo/FictitiousSecuiritiesScam
https://gaoinnovations.gov/antifraud_resource/howfraudworks/gfo/RegionalTransitAuthority,regional transit authority,regional transit authority; Regional transit authority,https://gaoinnovations.gov/antifraud_resource/howfraudworks/gfo/GovernmentalUnit
https://gaoinnovations.gov/antifraud_resource/howfraudworks/gfo/RegisteredAgent,registered agent,registered agent,https://gaoinnovations.gov/antifraud_resource/howfraudworks/gfo/AdministrativelyCapableIndividual
https://gaoinnovations.gov/antifraud_resource/howfraudworks/gfo/RentAVetScam,rent-a-vet scam,rent-a-vet scam,https://gaoinnovations.gov/antifraud_resource/howfraudworks/gfo/Scam
https://gaoinnovations.gov/antifraud_resource/howfraudworks/gfo/RentalAssistanceHousingFraud,rental assistance housing fraud,rental assistance housing fraud,https://gaoinnovations.gov/antifraud_resource/howfraudworks/gfo/AssistanceFraud
https://gaoinnovations.gov/antifraud_resource/howfraudworks/gfo/Renter,renter,renter,https://gaoinnovations.gov/antifraud_resource/howfraudworks/gfo/PartyInRole
https://gaoinnovations.gov/antifraud_resource/howfraudworks/gfo/RenttoOwnFraud,rent-to-own fraud,rent-to-own fraud,https://gaoinnovations.gov/antifraud_resource/howfraudworks/gfo/HousingFraud
https://gaoinnovations.gov/antifraud_resource/howfraudworks/gfo/RepeatedSchemeMode,repeated scheme mode,repeated scheme mode,https://gaoinnovations.gov/antifraud_resource/howfraudworks/gfo/SchemeMode
https://gaoinnovations.gov/antifraud_resource/howfraudworks/gfo/RetailEnvironmentFraud,retail environment fraud,retail environment fraud,https://gaoinnovations.gov/antifraud_resource/howfraudworks/gfo/FinancialTransactionExploit; https://gaoinnovations.gov/antifraud_resource/howfraudworks/gfo/InventoryTheft; https://gaoinnovations.gov/antifraud_resource/howfraudworks/gfo/MonetaryTheft
https://gaoinnovations.gov/antifraud_resource/howfraudworks/gfo/RevenueStream,revenue collection stream,revenue collection stream,
https://gaoinnovations.gov/antifraud_resource/howfraudworks/gfo/RiskAssessmentInternalControlStandard,risk assessment internal control standard,risk assessment internal control standard,https://gaoinnovations.gov/antifraud_resource/howfraudworks/gfo/InternalControl
https://gaoinnovations.gov/antifraud_resource/howfraudworks/gfo/RollingLabScam,rolling lab scam,rolling lab scam,https://gaoinnovations.gov/antifraud_resource/howfraudworks/gfo/Scam
https://gaoinnovations.gov/antifraud_resource/howfraudworks/gfo/RoyaltyFraud,royalty fraud,royalty fraud,https://gaoinnovations.gov/antifraud_resource/howfraudworks/gfo/PaymentFraud
https://gaoinnovations.gov/antifraud_resource/howfraudworks/gfo/RoyaltyOrFee,royalty or fee,royalty or fee; Royalty or fee,https://gaoinnovations.gov/antifraud_resource/howfraudworks/gfo/RevenueStream
https://gaoinnovations.gov/antifraud_resource/howfraudworks/gfo/RuralPassThroughBillingScheme,rural pass through billing,rural pass through billing,https://gaoinnovations.gov/antifraud_resource/howfraudworks/gfo/PassThroughBilling
https://gaoinnovations.gov/antifraud_resource/howfraudworks/gfo/SIMCloningFraud,SIM cloning fraud,SIM cloning fraud,https://gaoinnovations.gov/antifraud_resource/howfraudworks/gfo/TelecommunicationsExploit
https://gaoinnovations.gov/antifraud_resource/howfraudworks/gfo/SIMSwapping,SIM swapping,SIM swapping,https://gaoinnovations.gov/antifraud_resource/howfraudworks/gfo/TelecommunicationsExploit
https://gaoinnovations.gov/antifraud_resource/howfraudworks/gfo/SaleExchangeDonationOfPropertyOrGoods,"Sale, exchange, or donation of property and goods","Sale, exchange, or donation of property and goods; sale, exchange, donation of property and goods",https://gaoinnovations.gov/antifraud_resource/howfraudworks/gfo/FundingStream
https://gaoinnovations.gov/antifraud_resource/howfraudworks/gfo/SanctionEvasion,sanction evasion fraud,sanction evasion fraud,https://gaoinnovations.gov/antifraud_resource/howfraudworks/gfo/FraudActivity
https://gaoinnovations.gov/antifraud_resource/howfraudworks/gfo/ScamPoliticalActionCommittee,scam political action committee,scam political action committee,https://gaoinnovations.gov/antifraud_resource/howfraudworks/gfo/electionFraudMechanism
https://gaoinnovations.gov/antifraud_resource/howfraudworks/gfo/SchemeMode,scheme mode,scheme mode,
https://gaoinnovations.gov/antifraud_resource/howfraudworks/gfo/SecondChanceScam,second chance scam,second chance scam,https://gaoinnovations.gov/antifraud_resource/howfraudworks/gfo/Scam
https://gaoinnovations.gov/antifraud_resource/howfraudworks/gfo/Section8LandlordFraud,Section 8 landlord fraud,Section 8 landlord fraud,https://gaoinnovations.gov/antifraud_resource/howfraudworks/gfo/RentalAssistanceHousingFraud
https://gaoinnovations.gov/antifraud_resource/howfraudworks/gfo/SectorPartner,sector partner,sector partner,https://gaoinnovations.gov/antifraud_resource/howfraudworks/gfo/FunctionalEntity
https://gaoinnovations.gov/antifraud_resource/howfraudworks/gfo/ServicerFraud,servicer fraud,servicer fraud,https://gaoinnovations.gov/antifraud_resource/howfraudworks/gfo/MortgageFraud
https://gaoinnovations.gov/antifraud_resource/howfraudworks/gfo/ShellCompany,shell company abuse,shell company abuse,https://gaoinnovations.gov/antifraud_resource/howfraudworks/gfo/OpaqueOwnership
https://gaoinnovations.gov/antifraud_resource/howfraudworks/gfo/SilentSecond,silent second,silent second,https://gaoinnovations.gov/antifraud_resource/howfraudworks/gfo/MortgageScheme
https://gaoinnovations.gov/antifraud_resource/howfraudworks/gfo/Smurfing,smurfing,smurfing,https://gaoinnovations.gov/antifraud_resource/howfraudworks/gfo/FinancialTransactionExploit
https://gaoinnovations.gov/antifraud_resource/howfraudworks/gfo/Solicit,solicit,solicit,https://gaoinnovations.gov/antifraud_resource/howfraudworks/gfo/Bribery
https://gaoinnovations.gov/antifraud_resource/howfraudworks/gfo/SourceSelectionInformation,source selection information,source selection information,https://gaoinnovations.gov/antifraud_resource/howfraudworks/gfo/AbuseOfNonPublicInformation
https://gaoinnovations.gov/antifraud_resource/howfraudworks/gfo/SovereignCitizenFraud,sovereign citizen fraud,sovereign citizen fraud,https://gaoinnovations.gov/antifraud_resource/howfraudworks/gfo/TaxFraud
https://gaoinnovations.gov/antifraud_resource/howfraudworks/gfo/SpecificallyDesignatedNational,specifically designated national,specifically designated national,https://gaoinnovations.gov/antifraud_resource/howfraudworks/gfo/ForeignNational
https://gaoinnovations.gov/antifraud_resource/howfraudworks/gfo/SpeedMoney,speed money,speed money,https://gaoinnovations.gov/antifraud_resource/howfraudworks/gfo/facilitationPayment
https://gaoinnovations.gov/antifraud_resource/howfraudworks/gfo/Spouse,spouse,spouse,https://gaoinnovations.gov/antifraud_resource/howfraudworks/gfo/Dependent
https://gaoinnovations.gov/antifraud_resource/howfraudworks/gfo/Spyware,spyware,spyware,https://gaoinnovations.gov/antifraud_resource/howfraudworks/gfo/CyberExploit
https://gaoinnovations.gov/antifraud_resource/howfraudworks/gfo/StateApprovingAgency,state approving agency,state approving agency,https://gaoinnovations.gov/antifraud_resource/howfraudworks/gfo/GovernmentalUnit
https://gaoinnovations.gov/antifraud_resource/howfraudworks/gfo/StrangerOwnedLifeInsuranceScheme,stranger-owned life insurance scheme,stranger-owned life insurance scheme,https://gaoinnovations.gov/antifraud_resource/howfraudworks/gfo/Scam
https://gaoinnovations.gov/antifraud_resource/howfraudworks/gfo/StrawBuyerScam,straw buyer scam,straw buyer scam,https://gaoinnovations.gov/antifraud_resource/howfraudworks/gfo/Scam
https://gaoinnovations.gov/antifraud_resource/howfraudworks/gfo/StrawInsured,straw insured,straw insured,https://gaoinnovations.gov/antifraud_resource/howfraudworks/gfo/FictitiousIndividual
https://gaoinnovations.gov/antifraud_resource/howfraudworks/gfo/StrawStudentScam,straw student scam,straw student scam,https://gaoinnovations.gov/antifraud_resource/howfraudworks/gfo/AccreditationFraudMechanism; https://gaoinnovations.gov/antifraud_resource/howfraudworks/gfo/Scam
https://gaoinnovations.gov/antifraud_resource/howfraudworks/gfo/StructuredQueryLanguageInjection,Structured Query Language injection,Structured Query Language injection,https://gaoinnovations.gov/antifraud_resource/howfraudworks/gfo/CyberExploit
https://gaoinnovations.gov/antifraud_resource/howfraudworks/gfo/SubRecipient,subrecipient,subrecipient,https://gaoinnovations.gov/antifraud_resource/howfraudworks/gfo/GrantAwardRecipient
https://gaoinnovations.gov/antifraud_resource/howfraudworks/gfo/Survivor,survivor,survivor,https://gaoinnovations.gov/antifraud_resource/howfraudworks/gfo/Dependent
https://gaoinnovations.gov/antifraud_resource/howfraudworks/gfo/SuspectPurchase,personal use purchase,personal use purchase,https://gaoinnovations.gov/antifraud_resource/howfraudworks/gfo/Misrepresentation
https://gaoinnovations.gov/antifraud_resource/howfraudworks/gfo/SyntheticIdentityFraud,synthetic identity fraud,synthetic identity fraud,https://gaoinnovations.gov/antifraud_resource/howfraudworks/gfo/IdentityFraud
https://gaoinnovations.gov/antifraud_resource/howfraudworks/gfo/TaxFraudMechanism,tax fraud mechanism,tax fraud mechanism,https://gaoinnovations.gov/antifraud_resource/howfraudworks/gfo/Mechanism
https://gaoinnovations.gov/antifraud_resource/howfraudworks/gfo/TaxRelatedIdentityTheft,tax related identity theft,tax related identity theft,https://gaoinnovations.gov/antifraud_resource/howfraudworks/gfo/IdentityDocumentFraud
https://gaoinnovations.gov/antifraud_resource/howfraudworks/gfo/TechSupportScam,tech support scam,tech support scam,https://gaoinnovations.gov/antifraud_resource/howfraudworks/gfo/Scam
https://gaoinnovations.gov/antifraud_resource/howfraudworks/gfo/TerminalSkimming,terminal skimming,terminal skimming,https://gaoinnovations.gov/antifraud_resource/howfraudworks/gfo/CyberExploit
https://gaoinnovations.gov/antifraud_resource/howfraudworks/gfo/Territory,territory,territory,https://gaoinnovations.gov/antifraud_resource/howfraudworks/gfo/FunctionalEntity
https://gaoinnovations.gov/antifraud_resource/howfraudworks/gfo/Theft,theft,theft,https://gaoinnovations.gov/antifraud_resource/howfraudworks/gfo/AffinityFraudMechanism; https://gaoinnovations.gov/antifraud_resource/howfraudworks/gfo/Mechanism
https://gaoinnovations.gov/antifraud_resource/howfraudworks/gfo/ThingInRole,thing in role,thing in role,
https://gaoinnovations.gov/antifraud_resource/howfraudworks/gfo/ThirdPartyReceiverOfFunds,third party receiver of funds abuse,third party receiver of funds abuse,https://gaoinnovations.gov/antifraud_resource/howfraudworks/gfo/Mechanism
https://gaoinnovations.gov/antifraud_resource/howfraudworks/gfo/TimeInstant,time instant,time instant,
https://gaoinnovations.gov/antifraud_resource/howfraudworks/gfo/TimeInterval,time interval,time interval,
https://gaoinnovations.gov/antifraud_resource/howfraudworks/gfo/TimeOvercharging,time overcharging,time overcharging,https://gaoinnovations.gov/antifraud_resource/howfraudworks/gfo/ContractFraudMechanism; https://gaoinnovations.gov/antifraud_resource/howfraudworks/gfo/PayrollMischarging
https://gaoinnovations.gov/antifraud_resource/howfraudworks/gfo/TradeBasedMoneyLaundering,trade based money laundering,trade based money laundering,https://gaoinnovations.gov/antifraud_resource/howfraudworks/gfo/MoneyLaundering
https://gaoinnovations.gov/antifraud_resource/howfraudworks/gfo/TreasuryInstrument,treasury instrument,treasury instrument,https://gaoinnovations.gov/antifraud_resource/howfraudworks/gfo/FundingStream
https://gaoinnovations.gov/antifraud_resource/howfraudworks/gfo/Treaty,treaty,treaty,https://gaoinnovations.gov/antifraud_resource/howfraudworks/gfo/Law
https://gaoinnovations.gov/antifraud_resource/howfraudworks/gfo/TrollFarm,troll farm,troll farm,https://gaoinnovations.gov/antifraud_resource/howfraudworks/gfo/CyberExploit
https://gaoinnovations.gov/antifraud_resource/howfraudworks/gfo/UnauthroizedPersonalUse,unauthorized personal use,unauthorized personal use,https://gaoinnovations.gov/antifraud_resource/howfraudworks/gfo/CreditCardScam
https://gaoinnovations.gov/antifraud_resource/howfraudworks/gfo/Undergoer,undergoer,undergoer,https://gaoinnovations.gov/antifraud_resource/howfraudworks/gfo/ThingInRole
https://gaoinnovations.gov/antifraud_resource/howfraudworks/gfo/UndervaluedAsset,undervalued asset,undervalued asset,https://gaoinnovations.gov/antifraud_resource/howfraudworks/gfo/InflatedCompanyValuation
https://gaoinnovations.gov/antifraud_resource/howfraudworks/gfo/UnionMember,union member,union member,https://gaoinnovations.gov/antifraud_resource/howfraudworks/gfo/Employee
https://gaoinnovations.gov/antifraud_resource/howfraudworks/gfo/UnjustifiedSoleSource,unjustified sole source,unjustified sole source,https://gaoinnovations.gov/antifraud_resource/howfraudworks/gfo/NonCompetitiveBidding
https://gaoinnovations.gov/antifraud_resource/howfraudworks/gfo/UnknowingFacilitator,unknowing facilitator,unknowing facilitator,https://gaoinnovations.gov/antifraud_resource/howfraudworks/gfo/Facilitator
https://gaoinnovations.gov/antifraud_resource/howfraudworks/gfo/UnnecessaryService,unnecessary service,unnecessary service,https://gaoinnovations.gov/antifraud_resource/howfraudworks/gfo/ContractFraudMechanism
https://gaoinnovations.gov/antifraud_resource/howfraudworks/gfo/UnregisteredOfferingFraud,unregistered offering fraud,unregistered offering fraud,https://gaoinnovations.gov/antifraud_resource/howfraudworks/gfo/InvestmentFraud
https://gaoinnovations.gov/antifraud_resource/howfraudworks/gfo/UnreportedIncome,unreported income,unreported income,https://gaoinnovations.gov/antifraud_resource/howfraudworks/gfo/TaxEvasion
https://gaoinnovations.gov/antifraud_resource/howfraudworks/gfo/UnsolicitedGrant,unsolicited grant,unsolicited grant,https://gaoinnovations.gov/antifraud_resource/howfraudworks/gfo/GrantFraud
https://gaoinnovations.gov/antifraud_resource/howfraudworks/gfo/UnsubstantiatedIncome,unsubstantiated income,unsubstantiated income,https://gaoinnovations.gov/antifraud_resource/howfraudworks/gfo/TaxEvasion
https://gaoinnovations.gov/antifraud_resource/howfraudworks/gfo/Uplift,uplift pay,uplift pay,https://gaoinnovations.gov/antifraud_resource/howfraudworks/gfo/HazardPay
https://gaoinnovations.gov/antifraud_resource/howfraudworks/gfo/UseOfPropertyFacilityEquipment,"use of property, facility, and equipment","use of property, facility, and equipment; Use of property, facility, and equipment",https://gaoinnovations.gov/antifraud_resource/howfraudworks/gfo/FundingStream
https://gaoinnovations.gov/antifraud_resource/howfraudworks/gfo/Vendor,vendor,vendor,https://gaoinnovations.gov/antifraud_resource/howfraudworks/gfo/SectorPartner
https://gaoinnovations.gov/antifraud_resource/howfraudworks/gfo/VerticalPriceFixing,vertical price fixing,vertical price fixing,https://gaoinnovations.gov/antifraud_resource/howfraudworks/gfo/PriceFixing
https://gaoinnovations.gov/antifraud_resource/howfraudworks/gfo/ViolationOfForeignTradeLaw,violation of foreign trade law,violation of foreign trade law,https://gaoinnovations.gov/antifraud_resource/howfraudworks/gfo/Smuggling
https://gaoinnovations.gov/antifraud_resource/howfraudworks/gfo/VirtualCoinScam,virtual coin deception,virtual coin deception,https://gaoinnovations.gov/antifraud_resource/howfraudworks/gfo/FinancialTransactionExploit
https://gaoinnovations.gov/antifraud_resource/howfraudworks/gfo/VirtualUniversity,virtual university,virtual university,https://gaoinnovations.gov/antifraud_resource/howfraudworks/gfo/EducationalInstitution
https://gaoinnovations.gov/antifraud_resource/howfraudworks/gfo/VisaFraud,visa fraud,visa fraud,https://gaoinnovations.gov/antifraud_resource/howfraudworks/gfo/FraudActivity
https://gaoinnovations.gov/antifraud_resource/howfraudworks/gfo/VoterImpersonation,voter impersonation,voter impersonation,https://gaoinnovations.gov/antifraud_resource/howfraudworks/gfo/electionFraudMechanism
https://gaoinnovations.gov/antifraud_resource/howfraudworks/gfo/VoterRegistrationFraud,unqualified voter registration fraud,unqualified voter registration fraud,https://gaoinnovations.gov/antifraud_resource/howfraudworks/gfo/electionFraudMechanism
https://gaoinnovations.gov/antifraud_resource/howfraudworks/gfo/VoterSuppression,voter suppression,voter suppression,https://gaoinnovations.gov/antifraud_resource/howfraudworks/gfo/electionFraudMechanism
https://gaoinnovations.gov/antifraud_resource/howfraudworks/gfo/VulnerabilityScanning,vulnerability scanning,vulnerability scanning,https://gaoinnovations.gov/antifraud_resource/howfraudworks/gfo/CyberExploit
https://gaoinnovations.gov/antifraud_resource/howfraudworks/gfo/WangiriFraud,Wangiri fraud,Wangiri fraud,https://gaoinnovations.gov/antifraud_resource/howfraudworks/gfo/TelecommunicationsExploit
https://gaoinnovations.gov/antifraud_resource/howfraudworks/gfo/WardOfTheState,ward of the state,ward of the state,https://gaoinnovations.gov/antifraud_resource/howfraudworks/gfo/Minor
https://gaoinnovations.gov/antifraud_resource/howfraudworks/gfo/Wardriving,war driving,war driving,https://gaoinnovations.gov/antifraud_resource/howfraudworks/gfo/CyberExploit
https://gaoinnovations.gov/antifraud_resource/howfraudworks/gfo/WaterwayRerouting,waterway rerouting,waterway rerouting,https://gaoinnovations.gov/antifraud_resource/howfraudworks/gfo/environemntal_mechanism
https://gaoinnovations.gov/antifraud_resource/howfraudworks/gfo/WorkplaceFraud,workplace fraud,workplace fraud,https://gaoinnovations.gov/antifraud_resource/howfraudworks/gfo/FraudActivity
https://gaoinnovations.gov/antifraud_resource/howfraudworks/gfo/Worm,worm,worm,https://gaoinnovations.gov/antifraud_resource/howfraudworks/gfo/CyberExploit
https://gaoinnovations.gov/antifraud_resource/howfraudworks/gfo/ZeroDayExploit,zero day exploit,zero day exploit,https://gaoinnovations.gov/antifraud_resource/howfraudworks/gfo/CyberExploit
https://gaoinnovations.gov/antifraud_resource/howfraudworks/gfo/board,board,board,https://gaoinnovations.gov/antifraud_resource/howfraudworks/gfo/GovernmentalUnit
https://gaoinnovations.gov/antifraud_resource/howfraudworks/gfo/council,council,council,https://gaoinnovations.gov/antifraud_resource/howfraudworks/gfo/GovernmentalUnit
https://gaoinnovations.gov/antifraud_resource/howfraudworks/gfo/cultural_heritage_institution,cultural heritage institution,cultural heritage institution,https://gaoinnovations.gov/antifraud_resource/howfraudworks/gfo/GovernmentalUnit
https://gaoinnovations.gov/antifraud_resource/howfraudworks/gfo/elderly,senior citizen,senior citizen,https://gaoinnovations.gov/antifraud_resource/howfraudworks/gfo/Person
https://gaoinnovations.gov/antifraud_resource/howfraudworks/gfo/electionFraudMechanism,election fraud mechanism,election fraud mechanism,https://gaoinnovations.gov/antifraud_resource/howfraudworks/gfo/Mechanism
https://gaoinnovations.gov/antifraud_resource/howfraudworks/gfo/electionOfficialFraud,election official fraud,election official fraud,https://gaoinnovations.gov/antifraud_resource/howfraudworks/gfo/electionFraudMechanism
https://gaoinnovations.gov/antifraud_resource/howfraudworks/gfo/eligibilityMisrepresentation,eligibility misrepresentation,eligibility misrepresentation,https://gaoinnovations.gov/antifraud_resource/howfraudworks/gfo/Misrepresentation
https://gaoinnovations.gov/antifraud_resource/howfraudworks/gfo/emissionsTampering,emissions tampering scam,emissions tampering scam,https://gaoinnovations.gov/antifraud_resource/howfraudworks/gfo/Scam
https://gaoinnovations.gov/antifraud_resource/howfraudworks/gfo/employmentAttestationFraud,employment attestation fraud,employment attestation fraud,https://gaoinnovations.gov/antifraud_resource/howfraudworks/gfo/InflatedIncomeMortgageFraud
https://gaoinnovations.gov/antifraud_resource/howfraudworks/gfo/employmentFraudMechanism,employment fraud mechanism,employment fraud mechanism,https://gaoinnovations.gov/antifraud_resource/howfraudworks/gfo/Mechanism
https://gaoinnovations.gov/antifraud_resource/howfraudworks/gfo/equitySkimming,straw buyer,straw buyer,https://gaoinnovations.gov/antifraud_resource/howfraudworks/gfo/MortgageFraud; https://gaoinnovations.gov/antifraud_resource/howfraudworks/gfo/MortgageScheme
https://gaoinnovations.gov/antifraud_resource/howfraudworks/gfo/equitySkimmingFraud,equity skimming fraud,equity skimming fraud,https://gaoinnovations.gov/antifraud_resource/howfraudworks/gfo/MortgageFraud
https://gaoinnovations.gov/antifraud_resource/howfraudworks/gfo/escrowServicesFraud,escrow services fraud,escrow services fraud,https://gaoinnovations.gov/antifraud_resource/howfraudworks/gfo/ConsumerFraud
https://gaoinnovations.gov/antifraud_resource/howfraudworks/gfo/facilitationPayment,facilitation payment,facilitation payment,https://gaoinnovations.gov/antifraud_resource/howfraudworks/gfo/Bribery
https://gaoinnovations.gov/antifraud_resource/howfraudworks/gfo/failure_to_disclose,concealment,concealment,https://gaoinnovations.gov/antifraud_resource/howfraudworks/gfo/ImproperDisclosure
https://gaoinnovations.gov/antifraud_resource/howfraudworks/gfo/failure_to_match_funds,failure to match funds,failure to match funds,https://gaoinnovations.gov/antifraud_resource/howfraudworks/gfo/Mechanism
https://gaoinnovations.gov/antifraud_resource/howfraudworks/gfo/falseCertification,false servicer certification,false servicer certification,https://gaoinnovations.gov/antifraud_resource/howfraudworks/gfo/MortgageFraud
https://gaoinnovations.gov/antifraud_resource/howfraudworks/gfo/falseEligibilityDisasterClaim,false eligibility disaster claim,false eligibility disaster claim,https://gaoinnovations.gov/antifraud_resource/howfraudworks/gfo/DisasterAssistanceFraud
https://gaoinnovations.gov/antifraud_resource/howfraudworks/gfo/falseMortgageCertifications,false mortgage certifications,false mortgage certifications,https://gaoinnovations.gov/antifraud_resource/howfraudworks/gfo/MortgageFraud
https://gaoinnovations.gov/antifraud_resource/howfraudworks/gfo/false_declaration,false declaration,false declaration,https://gaoinnovations.gov/antifraud_resource/howfraudworks/gfo/Misrepresentation
https://gaoinnovations.gov/antifraud_resource/howfraudworks/gfo/falsified_declaration,falsified declaration,falsified declaration,https://gaoinnovations.gov/antifraud_resource/howfraudworks/gfo/false_declaration
https://gaoinnovations.gov/antifraud_resource/howfraudworks/gfo/falsified_evidence,falsified evidence,falsified evidence,https://gaoinnovations.gov/antifraud_resource/howfraudworks/gfo/Misrepresentation
https://gaoinnovations.gov/antifraud_resource/howfraudworks/gfo/family,family,family,https://gaoinnovations.gov/antifraud_resource/howfraudworks/gfo/PartyInRole
https://gaoinnovations.gov/antifraud_resource/howfraudworks/gfo/federalMeasurement,federal baseline measure,federal baseline measure,https://gaoinnovations.gov/antifraud_resource/howfraudworks/gfo/FederalGuideline
https://gaoinnovations.gov/antifraud_resource/howfraudworks/gfo/federalSalary,federal salary schedule,federal salary schedule,https://gaoinnovations.gov/antifraud_resource/howfraudworks/gfo/FederalAdministrativeProcess
https://gaoinnovations.gov/antifraud_resource/howfraudworks/gfo/federal_committee,federal committee,federal committee,https://gaoinnovations.gov/antifraud_resource/howfraudworks/gfo/committee
https://gaoinnovations.gov/antifraud_resource/howfraudworks/gfo/federal_cultural_heritage_institution,federal cultural heritage institution,federal cultural heritage institution,https://gaoinnovations.gov/antifraud_resource/howfraudworks/gfo/cultural_heritage_institution
https://gaoinnovations.gov/antifraud_resource/howfraudworks/gfo/feeChurning,insurance fee churning,insurance fee churning,https://gaoinnovations.gov/antifraud_resource/howfraudworks/gfo/InsuranceFraud
https://gaoinnovations.gov/antifraud_resource/howfraudworks/gfo/felonVoting,ineligible voting,ineligible voting,https://gaoinnovations.gov/antifraud_resource/howfraudworks/gfo/electionFraudMechanism
https://gaoinnovations.gov/antifraud_resource/howfraudworks/gfo/nonfinancial_impact,nonfinancial impact,nonfinancial impact,https://gaoinnovations.gov/antifraud_resource/howfraudworks/gfo/Impact
https://gaoinnovations.gov/antifraud_resource/howfraudworks/gfo/phantomEmployee,phantom employee,phantom employee,https://gaoinnovations.gov/antifraud_resource/howfraudworks/gfo/employmentFraudMechanism
https://gaoinnovations.gov/antifraud_resource/howfraudworks/gfo/public_emergency_fraud,public emergency fraud,public emergency fraud,https://gaoinnovations.gov/antifraud_resource/howfraudworks/gfo/FraudActivity
https://gaoinnovations.gov/antifraud_resource/howfraudworks/gfo/supervised_release,supervised release,supervised release,https://gaoinnovations.gov/antifraud_resource/howfraudworks/gfo/FraudActivity; https://gaoinnovations.gov/antifraud_resource/howfraudworks/gfo/LossOfFreedom
https://gaoinnovations.gov/antifraud_resource/howfraudworks/gfo//ProgressPaymentFraud,grant progress payment fraud,grant progress payment fraud,https://gaoinnovations.gov/antifraud_resource/howfraudworks/gfo/GrantFraud
